bweforvideo-googAvailableReceiveBandwidth,0.0,0.0,0.0,0.0,0.0,0.0,0.0,0.0,0.0,0.0,0.0,0.0,0.0,0.0,0.0,0.0,0.0,0.0,0.0,0.0,0.0,0.0,0.0,0.0,0.0,0.0,0.0,0.0,0.0,0.0,0.0,0.0,0.0,0.0,0.0,0.0,0.0,0.0,0.0,0.0,0.0,0.0,0.0,0.0,0.0,0.0,0.0,0.0,0.0,0.0,0.0,0.0,0.0,0.0,0.0,0.0,0.0,0.0,0.0,0.0,0.0,0.0,0.0,0.0,0.0,0.0,0.0,0.0,0.0,0.0,0.0,0.0,0.0,0.0,0.0,0.0,0.0,0.0,0.0,0.0,0.0,0.0,0.0,0.0,0.0,0.0,0.0,0.0,0.0,0.0,0.0,0.0,0.0,0.0,0.0,0.0,0.0,0.0,0.0,0.0,0.0,0.0,0.0,0.0,0.0,0.0,0.0,0.0,0.0,0.0,0.0,0.0,0.0,0.0,0.0,0.0,0.0,0.0,0.0,0.0,0.0,0.0,0.0,0.0,0.0,0.0,0.0,0.0,0.0,0.0,0.0,0.0,0.0,0.0,0.0,0.0,0.0,0.0,0.0,0.0,0.0,0.0,0.0,0.0,0.0,0.0,0.0,0.0,0.0,0.0,0.0,0.0,0.0,0.0,0.0,0.0,0.0,0.0,0.0,0.0,0.0,0.0,0.0,0.0,0.0,0.0,0.0,0.0,0.0,0.0,0.0,0.0,0.0,0.0,0.0,0.0,0.0,0.0,0.0,0.0,0.0,0.0,0.0,0.0,0.0,0.0,0.0,0.0,0.0
bweforvideo-googAvailableSendBandwidth,300000.0,300000.0,300000.0,300000.0,300000.0,300000.0,300000.0,300000.0,300000.0,300000.0,300000.0,300000.0,300000.0,300000.0,300000.0,300000.0,300000.0,300000.0,305385.0,305385.0,51909.0,187199.0,187199.0,203175.0,220429.0,239063.0,258974.0,267902.0,277029.0,180044.0,180044.0,180044.0,180044.0,180044.0,180044.0,180044.0,180044.0,146285.0,146285.0,158988.0,172707.0,172707.0,172707.0,172707.0,172707.0,172707.0,187524.0,187625.0,187625.0,203635.0,220926.0,220926.0,220926.0,220926.0,186406.0,202318.0,202318.0,202318.0,202318.0,202318.0,219503.0,219503.0,168485.0,168485.0,168485.0,168485.0,168485.0,182964.0,198601.0,168570.0,168570.0,168570.0,183056.0,183056.0,183056.0,183056.0,183056.0,168754.0,168754.0,168754.0,168754.0,168754.0,168754.0,168754.0,136453.0,136453.0,136453.0,136453.0,148369.0,161239.0,161239.0,161239.0,125338.0,136365.0,136365.0,136365.0,300000.0,300000.0,300000.0,300000.0,300000.0,300000.0,300000.0,300000.0,300000.0,300000.0,304588.0,172979.0,190103.0,172071.0,172071.0,172071.0,172071.0,183998.0,183998.0,199718.0,206716.0,209720.0,125750.0,125750.0,125750.0,125750.0,136810.0,148755.0,161655.0,161655.0,161655.0,129450.0,140806.0,153070.0,153070.0,153070.0,166316.0,97013.0,105774.0,115236.0,125455.0,136491.0,136491.0,136491.0,148410.0,161283.0,134361.0,134361.0,146110.0,146110.0,158799.0,158799.0,158799.0,158799.0,129292.0,140635.0,152886.0,166117.0,180406.0,195838.0,175565.0,190610.0,206859.0,224408.0,243361.0,243556.0,243556.0,243556.0,243636.0,179596.0,194964.0,211561.0,229486.0,244992.0,246616.0,246616.0,246616.0,153940.0,167255.0,181635.0,197166.0,213939.0,213939.0,232054.0,215885.0,215885.0,234156.0,253644.0,253644.0,253988.0,253988.0,254616.0,234226.0
bweforvideo-googBucketDelay,0.0,0.0,0.0,0.0,0.0,0.0,0.0,0.0,0.0,0.0,0.0,0.0,0.0,4.0,6.0,0.0,0.0,0.0,5.0,0.0,41.0,5.0,0.0,0.0,0.0,0.0,0.0,4.0,3.0,2.0,4.0,2.0,2.0,1.0,59.0,35.0,0.0,181.0,0.0,4.0,4.0,4.0,0.0,0.0,133.0,0.0,1.0,0.0,1.0,0.0,1.0,0.0,1.0,0.0,1.0,1.0,33.0,0.0,2.0,36.0,0.0,2.0,2.0,35.0,0.0,1.0,2.0,1.0,1.0,0.0,0.0,0.0,0.0,36.0,1.0,3.0,2.0,0.0,0.0,0.0,0.0,56.0,0.0,0.0,3.0,0.0,0.0,0.0,3.0,0.0,0.0,0.0,8.0,0.0,0.0,3.0,0.0,0.0,0.0,0.0,0.0,0.0,0.0,117.0,3.0,3.0,0.0,6.0,0.0,0.0,0.0,2.0,3.0,3.0,3.0,3.0,3.0,143.0,117.0,0.0,0.0,0.0,0.0,0.0,2.0,0.0,0.0,2.0,81.0,1.0,0.0,1.0,2.0,86.0,2.0,0.0,0.0,0.0,1.0,1.0,1.0,0.0,162.0,0.0,0.0,0.0,1.0,0.0,1.0,2.0,0.0,2.0,1.0,2.0,45.0,0.0,2.0,2.0,2.0,1.0,1.0,1.0,0.0,0.0,0.0,1.0,1.0,1.0,1.0,0.0,47.0,0.0,2.0,1.0,63.0,1.0,1.0,3.0,110.0,1.0,0.0,1.0,1.0,47.0,1.0,0.0,2.0,1.0,1.0
timestamp,1541178862,1541178863,1541178864,1541178865,1541178866,1541178867,1541178868,1541178869,1541178870,1541178871,1541178872,1541178873,1541178874,1541178875,1541178876,1541178877,1541178878,1541178879,1541178880,1541178881,1541178882,1541178883,1541178884,1541178885,1541178886,1541178887,1541178888,1541178889,1541178890,1541178891,1541178892,1541178893,1541178894,1541178895,1541178896,1541178897,1541178898,1541178899,1541178900,1541178901,1541178902,1541178903,1541178904,1541178905,1541178906,1541178907,1541178908,1541178909,1541178910,1541178911,1541178912,1541178913,1541178914,1541178915,1541178916,1541178917,1541178918,1541178919,1541178920,1541178921,1541178922,1541178923,1541178924,1541178925,1541178926,1541178927,1541178928,1541178929,1541178930,1541178931,1541178932,1541178933,1541178934,1541178935,1541178936,1541178937,1541178938,1541178939,1541178940,1541178941,1541178942,1541178943,1541178944,1541178945,1541178946,1541178947,1541178948,1541178949,1541178950,1541178951,1541178952,1541178953,1541178954,1541178955,1541178956,1541178957,1541178865,1541178866,1541178867,1541178868,1541178869,1541178870,1541178871,1541178872,1541178873,1541178874,1541178875,1541178876,1541178877,1541178878,1541178879,1541178880,1541178881,1541178882,1541178883,1541178884,1541178885,1541178886,1541178887,1541178888,1541178889,1541178890,1541178891,1541178892,1541178893,1541178894,1541178895,1541178896,1541178897,1541178898,1541178899,1541178900,1541178901,1541178902,1541178903,1541178904,1541178905,1541178906,1541178907,1541178908,1541178909,1541178910,1541178911,1541178912,1541178913,1541178914,1541178915,1541178916,1541178917,1541178918,1541178919,1541178920,1541178921,1541178922,1541178923,1541178924,1541178925,1541178926,1541178927,1541178928,1541178929,1541178930,1541178931,1541178932,1541178933,1541178934,1541178935,1541178936,1541178937,1541178938,1541178939,1541178940,1541178941,1541178942,1541178943,1541178944,1541178945,1541178946,1541178947,1541178948,1541178949,1541178950,1541178951,1541178952,1541178953,1541178954,1541178955,1541178956,1541178957
audio_bitsReceivedPerSecond,-1,-1,-1,-1,-1,-1,-1,0.0,0.0,0.0,4940.940940940941,0.0,52300.3003003003,221245.50898203594,85165.16516516516,-363952.0,0.0,0.0,0.0,0.0,0.0,0.0,0.0,0.0,0.0,0.0,0.0,0.0,0.0,0.0,2438280.0,100480.0,86233.76623376623,102046.04604604605,71984.01598401599,78712.0,46414.414414414416,29104.0,99228.77122877123,125205.2052052052,137785.7857857858,124467.53246753247,122256.0,111672.9810568295,138423.26980942828,95544.0,143103.10310310312,184039.92015968065,107362.08625877633,104255.48902195609,143408.0,178368.0,187318.6372745491,193678.3216783217,193352.0,188784.0,178160.0,189538.46153846153,183039.03903903905,166721.2787212787,194408.0,177793.7937937938,189184.0,111928.0,115768.0,126480.0,187304.0,193112.0,192936.0,181448.0,178552.0,184664.0,184119.76047904193,155155.15515515517,116804.80480480481,167064.0,167855.85585585586,192288.0,179880.23952095807,183344.65534465536,197533.53353353354,188900.9009009009,206720.0,159289.42115768464,145425.42542542543,153576.0,184816.8168168168,192917.2482552343,186696.08826479438,176271.45708582836,193265.26526526528,160576.57657657657,144983.01698301698,194562.56256256255,191752.0,192496.4964964965,-1,-1,-1,0.0,0.0,0.0,0.0,0.0,0.0,0.0,0.0,0.0,0.0,0.0,0.0,0.0,0.0,0.0,0.0,0.0,527696.0,117616.0,-645312.0,0.0,0.0,0.0,0.0,0.0,0.0,50512.0,1819489.0219560878,0.0,-1871768.2317682318,1875515.5155155156,0.0,0.0,0.0,0.0,0.0,0.0,0.0,0.0,0.0,0.0,0.0,0.0,0.0,0.0,0.0,0.0,0.0,0.0,0.0,0.0,0.0,0.0,0.0,0.0,0.0,-1873640.0,0.0,0.0,0.0,0.0,0.0,0.0,0.0,0.0,0.0,0.0,0.0,0.0,0.0,0.0,0.0,0.0,0.0,0.0,0.0,0.0,0.0,0.0,0.0,0.0,0.0,0.0,0.0,0.0,0.0,0.0,0.0,0.0,0.0
audio_bitsSentPerSecond,-1,-1,-1,-1,-1,-1,-1,0.0,0.0,1253.493013972056,4364.3643643643645,0.0,265193.1931931932,342235.5289421158,323835.83583583584,-896408.0,142944.0,148523.47652347654,46808.0,100384.0,142729.27072927073,83847.69539078156,174745.25474525476,158798.7987987988,123096.0,209624.0,110896.0,154312.0,164968.0,-1708552.0,1003336.0,144912.0,140203.7962037962,206918.9189189189,109298.7012987013,163424.0,86102.1021021021,195880.0,163620.37962037962,231783.7837837838,254342.34234234234,174321.6783216783,182920.0,178129.6111665005,183422.2668004012,94120.0,138258.25825825825,166443.11377245508,199799.39819458374,128271.45708582834,185928.0,207640.0,198188.376753507,179492.5074925075,122264.0,124688.0,215064.0,175800.1998001998,209497.4974974975,168039.96003996005,176608.0,197453.45345345346,202632.0,201224.0,169648.0,202120.0,206184.0,171800.0,174152.0,174296.0,112480.0,153160.0,175305.3892215569,209001.00100100102,178410.4104104104,166656.0,202618.6186186186,178928.0,179313.37325349302,193462.53746253747,180868.86886886886,222550.55055055054,163360.0,166578.84231536926,123411.4114114114,162336.0,188828.82882882882,179892.32303090728,181255.76730190573,202051.89620758482,175967.96796796797,220708.7087087087,119680.31968031968,204980.98098098097,105656.0,169529.52952952954,-1,-1,-1,0.0,0.0,0.0,0.0,0.0,0.0,0.0,0.0,0.0,0.0,0.0,0.0,0.0,0.0,0.0,0.0,0.0,0.0,0.0,0.0,0.0,0.0,0.0,0.0,0.0,0.0,38792.0,756886.2275449102,0.0,-796395.6043956043,797989.98998999,0.0,0.0,0.0,0.0,0.0,0.0,0.0,0.0,0.0,0.0,0.0,0.0,0.0,0.0,0.0,0.0,0.0,0.0,0.0,0.0,0.0,0.0,0.0,0.0,0.0,-797192.0,0.0,0.0,0.0,0.0,0.0,0.0,0.0,0.0,0.0,0.0,0.0,0.0,0.0,0.0,0.0,0.0,0.0,0.0,0.0,0.0,0.0,0.0,0.0,0.0,0.0,0.0,0.0,0.0,0.0,0.0,0.0,0.0,0.0
audio_packetsSentPerSecond,-1,-1,-1,-1,-1,-1,-1,0.0,0.0,0.998003992015968,1.001001001001001,0.0,54.054054054054056,112.77445109780439,104.10410410410411,-186.0,102.0,123.87612387612387,107.0,108.0,89.91008991008991,75.1503006012024,122.87712287712287,124.12412412412412,126.0,117.0,125.0,182.0,126.0,-1577.0,349.0,142.0,155.84415584415584,126.12612612612612,140.85914085914087,160.0,112.11211211211211,116.0,104.8951048951049,124.12412412412412,142.14214214214215,142.85714285714286,146.0,164.50648055832502,182.54764292878636,158.0,169.16916916916918,155.688622754491,144.4332998996991,150.6986027944112,154.0,163.0,203.4068136272545,168.83116883116884,153.0,162.0,180.0,166.83316683316684,161.16116116116117,199.8001998001998,221.0,171.17117117117118,186.0,152.0,159.0,153.0,163.0,180.0,193.0,158.0,169.0,147.0,163.67265469061877,155.15515515515514,157.15715715715714,172.0,163.16316316316318,171.0,164.67065868263472,152.84715284715284,171.17117117117118,166.16616616616616,172.0,150.6986027944112,158.15815815815816,145.0,169.16916916916918,152.54237288135593,151.45436308926782,161.67664670658684,163.16316316316318,185.1851851851852,133.86613386613388,173.17317317317318,153.0,154.15415415415416,-1,-1,-1,0.0,0.0,0.0,0.0,0.0,0.0,0.0,0.0,0.0,0.0,0.0,0.0,0.0,0.0,0.0,0.0,0.0,0.0,0.0,0.0,0.0,0.0,0.0,0.0,0.0,0.0,32.0,511.9760479041916,0.0,-544.4555444555444,545.5455455455456,0.0,0.0,0.0,0.0,0.0,0.0,0.0,0.0,0.0,0.0,0.0,0.0,0.0,0.0,0.0,0.0,0.0,0.0,0.0,0.0,0.0,0.0,0.0,0.0,0.0,-545.0,0.0,0.0,0.0,0.0,0.0,0.0,0.0,0.0,0.0,0.0,0.0,0.0,0.0,0.0,0.0,0.0,0.0,0.0,0.0,0.0,0.0,0.0,0.0,0.0,0.0,0.0,0.0,0.0,0.0,0.0,0.0,0.0,0.0
audio_googLocalAddress,-1,-1,-1,-1,-1,-1,-1,10.164.0.8:55457,10.164.0.8:55457,10.164.0.8:55457,10.164.0.8:55457,10.164.0.8:55457,10.164.0.8:55457,10.164.0.8:55457,10.164.0.8:55457,35.204.137.161:55457,35.204.137.161:55457,35.204.137.161:55457,35.204.137.161:55457,35.204.137.161:55457,35.204.137.161:55457,35.204.137.161:55457,35.204.137.161:55457,35.204.137.161:55457,35.204.137.161:55457,35.204.137.161:55457,35.204.137.161:55457,35.204.137.161:55457,35.204.137.161:55457,35.204.137.161:55457,10.164.0.8:55457,10.164.0.8:55457,10.164.0.8:55457,10.164.0.8:55457,10.164.0.8:55457,10.164.0.8:55457,10.164.0.8:55457,10.164.0.8:55457,10.164.0.8:55457,10.164.0.8:55457,10.164.0.8:55457,10.164.0.8:55457,10.164.0.8:55457,10.164.0.8:55457,10.164.0.8:55457,10.164.0.8:55457,10.164.0.8:55457,10.164.0.8:55457,10.164.0.8:55457,10.164.0.8:55457,10.164.0.8:55457,10.164.0.8:55457,10.164.0.8:55457,10.164.0.8:55457,10.164.0.8:55457,10.164.0.8:55457,10.164.0.8:55457,10.164.0.8:55457,10.164.0.8:55457,10.164.0.8:55457,10.164.0.8:55457,10.164.0.8:55457,10.164.0.8:55457,10.164.0.8:55457,10.164.0.8:55457,10.164.0.8:55457,10.164.0.8:55457,10.164.0.8:55457,10.164.0.8:55457,10.164.0.8:55457,10.164.0.8:55457,10.164.0.8:55457,10.164.0.8:55457,10.164.0.8:55457,10.164.0.8:55457,10.164.0.8:55457,10.164.0.8:55457,10.164.0.8:55457,10.164.0.8:55457,10.164.0.8:55457,10.164.0.8:55457,10.164.0.8:55457,10.164.0.8:55457,10.164.0.8:55457,10.164.0.8:55457,10.164.0.8:55457,10.164.0.8:55457,10.164.0.8:55457,10.164.0.8:55457,10.164.0.8:55457,10.164.0.8:55457,10.164.0.8:55457,10.164.0.8:55457,10.164.0.8:55457,10.164.0.8:55457,10.164.0.8:55457,-1,-1,-1,10.164.0.9:57977,10.164.0.9:57977,10.164.0.9:57977,10.164.0.9:57977,10.164.0.9:57977,10.164.0.9:57977,10.164.0.9:57977,10.164.0.9:57977,10.164.0.9:57977,10.164.0.9:57977,10.164.0.9:57977,10.164.0.9:57977,10.164.0.9:57977,10.164.0.9:57977,10.164.0.9:57977,18.195.93.116:51179,18.195.93.116:51179,18.195.93.116:51179,18.195.93.116:51179,10.164.0.9:57977,10.164.0.9:57977,10.164.0.9:57977,18.195.93.116:51179,35.204.125.129:57977,35.204.125.129:57977,35.204.125.129:57977,35.204.125.129:57977,18.195.93.116:51179,18.195.93.116:51179,18.195.93.116:51179,18.195.93.116:51179,18.195.93.116:51179,18.195.93.116:51179,18.195.93.116:51179,18.195.93.116:51179,18.195.93.116:51179,18.195.93.116:51179,18.195.93.116:51179,18.195.93.116:51179,18.195.93.116:51179,18.195.93.116:51179,18.195.93.116:51179,18.195.93.116:51179,18.195.93.116:51179,18.195.93.116:51179,18.195.93.116:51179,18.195.93.116:51179,18.195.93.116:51179,18.195.93.116:51179,18.195.93.116:51179,18.195.93.116:51179,18.195.93.116:51179,18.195.93.116:51179,18.195.93.116:51179,18.195.93.116:51179,18.195.93.116:51179,18.195.93.116:51179,18.195.93.116:51179,18.195.93.116:51179,18.195.93.116:51179,18.195.93.116:51179,18.195.93.116:51179,18.195.93.116:51179,18.195.93.116:51179,18.195.93.116:51179,18.195.93.116:51179,18.195.93.116:51179,18.195.93.116:51179,18.195.93.116:51179,18.195.93.116:51179,18.195.93.116:51179,18.195.93.116:51179,18.195.93.116:51179,18.195.93.116:51179,18.195.93.116:51179,18.195.93.116:51179,18.195.93.116:51179,18.195.93.116:51179,18.195.93.116:51179,18.195.93.116:51179,18.195.93.116:51179,18.195.93.116:51179,18.195.93.116:51179,18.195.93.116:51179,18.195.93.116:51179,18.195.93.116:51179,18.195.93.116:51179,18.195.93.116:51179,18.195.93.116:51179,18.195.93.116:51179
audio_googRemoteAddress,-1,-1,-1,-1,-1,-1,-1,10.164.0.9:57977,10.164.0.9:57977,10.164.0.9:57977,10.164.0.9:57977,10.164.0.9:57977,10.164.0.9:57977,10.164.0.9:57977,10.164.0.9:57977,18.195.93.116:51179,18.195.93.116:51179,18.195.93.116:51179,18.195.93.116:51179,18.195.93.116:51179,18.195.93.116:51179,18.195.93.116:51179,18.195.93.116:51179,18.195.93.116:51179,18.195.93.116:51179,18.195.93.116:51179,18.195.93.116:51179,18.195.93.116:51179,18.195.93.116:51179,35.204.125.129:57977,10.164.0.9:57977,10.164.0.9:57977,10.164.0.9:57977,10.164.0.9:57977,10.164.0.9:57977,10.164.0.9:57977,10.164.0.9:57977,10.164.0.9:57977,10.164.0.9:57977,10.164.0.9:57977,10.164.0.9:57977,10.164.0.9:57977,10.164.0.9:57977,10.164.0.9:57977,10.164.0.9:57977,10.164.0.9:57977,10.164.0.9:57977,10.164.0.9:57977,10.164.0.9:57977,10.164.0.9:57977,10.164.0.9:57977,10.164.0.9:57977,10.164.0.9:57977,10.164.0.9:57977,10.164.0.9:57977,10.164.0.9:57977,10.164.0.9:57977,10.164.0.9:57977,10.164.0.9:57977,10.164.0.9:57977,10.164.0.9:57977,10.164.0.9:57977,10.164.0.9:57977,10.164.0.9:57977,10.164.0.9:57977,10.164.0.9:57977,10.164.0.9:57977,10.164.0.9:57977,10.164.0.9:57977,10.164.0.9:57977,10.164.0.9:57977,10.164.0.9:57977,10.164.0.9:57977,10.164.0.9:57977,10.164.0.9:57977,10.164.0.9:57977,10.164.0.9:57977,10.164.0.9:57977,10.164.0.9:57977,10.164.0.9:57977,10.164.0.9:57977,10.164.0.9:57977,10.164.0.9:57977,10.164.0.9:57977,10.164.0.9:57977,10.164.0.9:57977,10.164.0.9:57977,10.164.0.9:57977,10.164.0.9:57977,10.164.0.9:57977,10.164.0.9:57977,10.164.0.9:57977,10.164.0.9:57977,10.164.0.9:57977,10.164.0.9:57977,10.164.0.9:57977,-1,-1,-1,35.204.137.161:55457,35.204.137.161:55457,35.204.137.161:55457,35.204.137.161:49576,10.164.0.8:49576,10.164.0.8:49576,10.164.0.8:49576,10.164.0.8:49576,10.164.0.8:49576,10.164.0.8:49576,10.164.0.8:49576,10.164.0.8:49576,10.164.0.8:49576,10.164.0.8:49576,10.164.0.8:49576,10.164.0.8:55457,18.195.93.116:54593,35.204.137.161:55457,35.204.137.161:55457,35.204.137.161:55457,35.204.137.161:55457,35.204.137.161:55457,18.195.93.116:58518,18.195.93.116:61343,18.195.93.116:61343,18.195.93.116:61343,35.204.137.161:55457,35.204.137.161:55457,35.204.137.161:55457,18.195.93.116:58518,35.204.137.161:55457,35.204.137.161:55457,35.204.137.161:55457,35.204.137.161:55457,35.204.137.161:55457,35.204.137.161:55457,35.204.137.161:55457,35.204.137.161:55457,35.204.137.161:55457,35.204.137.161:55457,35.204.137.161:55457,35.204.137.161:55457,35.204.137.161:55457,35.204.137.161:55457,35.204.137.161:55457,35.204.137.161:55457,35.204.137.161:55457,35.204.137.161:55457,35.204.137.161:55457,35.204.137.161:55457,35.204.137.161:55457,35.204.137.161:55457,35.204.137.161:55457,35.204.137.161:55457,35.204.137.161:55457,35.204.137.161:55457,18.195.93.116:58518,18.195.93.116:58518,18.195.93.116:58518,18.195.93.116:58518,18.195.93.116:58518,18.195.93.116:58518,18.195.93.116:58518,18.195.93.116:58518,18.195.93.116:58518,18.195.93.116:58518,18.195.93.116:58518,18.195.93.116:58518,18.195.93.116:58518,18.195.93.116:58518,18.195.93.116:58518,18.195.93.116:58518,18.195.93.116:58518,18.195.93.116:58518,18.195.93.116:58518,18.195.93.116:58518,18.195.93.116:58518,18.195.93.116:58518,18.195.93.116:58518,18.195.93.116:58518,18.195.93.116:58518,18.195.93.116:58518,18.195.93.116:58518,18.195.93.116:58518,18.195.93.116:58518,18.195.93.116:58518,18.195.93.116:58518,18.195.93.116:58518,18.195.93.116:58518,18.195.93.116:58518
audio_googRtt,-1,-1,-1,-1,-1,-1,-1,3000.0,3000.0,2021.0,1997.0,1997.0,1997.0,1997.0,1997.0,3770.0,4135.0,4135.0,4352.0,4352.0,4352.0,4352.0,5168.0,5168.0,5168.0,5168.0,5442.0,5397.0,5397.0,8281.0,5739.0,5739.0,5739.0,5739.0,5739.0,5739.0,5739.0,5739.0,5739.0,5739.0,5739.0,6503.0,6503.0,6503.0,6503.0,6832.0,6832.0,6971.0,6971.0,6971.0,6971.0,7378.0,7378.0,7378.0,7193.0,7193.0,6967.0,6967.0,6967.0,6967.0,6967.0,6967.0,6920.0,6920.0,6920.0,7045.0,7045.0,7045.0,7045.0,6870.0,6870.0,6870.0,6870.0,6870.0,6870.0,7117.0,7117.0,7186.0,7186.0,7186.0,7186.0,7186.0,7052.0,7052.0,6991.0,6991.0,6991.0,7014.0,7014.0,7014.0,7020.0,7020.0,6958.0,6958.0,6950.0,6950.0,-1,-1,-1,3000.0,3000.0,3000.0,3000.0,3000.0,3000.0,3000.0,3000.0,3000.0,3000.0,3000.0,3000.0,3000.0,3000.0,3000.0,3000.0,3000.0,3000.0,3000.0,3000.0,3000.0,3000.0,3054.0,5523.0,5523.0,5523.0,8356.0,5853.0,5853.0,3613.0,5853.0,5853.0,5853.0,5853.0,5853.0,5853.0,5853.0,5853.0,5853.0,5853.0,5853.0,5853.0,5853.0,5853.0,5853.0,5853.0,5853.0,5853.0,5853.0,5853.0,5853.0,5853.0,5853.0,5853.0,5853.0,5853.0,3613.0,3613.0,3613.0,3613.0,3613.0,3613.0,3613.0,3613.0,3613.0,3613.0,3613.0,3613.0,3613.0,3613.0,3613.0,3613.0,3613.0,3613.0,3613.0,3613.0,3613.0,3613.0,3613.0,3613.0,3613.0,3613.0,3613.0,3613.0,3613.0,3613.0,3613.0,3613.0,3613.0,3613.0
audio_send_bitsSentPerSecond,-1,0.0,0.0,0.0,0.0,0.0,0.0,0.0,0.0,0.0,0.0,0.0,7951.951951951952,24015.968063872257,25721.721721721722,25224.0,18464.0,18717.282717282716,28376.0,19008.0,17742.25774225774,32737.4749498998,30577.422577422578,19075.075075075074,21208.0,28856.0,27488.0,21440.0,16720.0,22032.0,19904.0,28120.0,28091.90809190809,21301.3013013013,21226.773226773228,19720.0,21637.63763763764,21464.0,20707.29270729271,20660.660660660662,21493.493493493494,19996.003996003998,20552.0,20203.389830508473,20284.854563691075,19336.0,20852.85285285285,20055.888223552894,20084.252758274826,19752.49500998004,19856.0,19880.0,18869.739478957916,20459.540459540458,19800.0,20344.0,20656.0,20643.356643356645,19923.923923923925,19748.251748251747,20232.0,20348.348348348347,20320.0,20192.0,20368.0,20648.0,20384.0,20280.0,20264.0,19760.0,20616.0,20392.0,20423.15369261477,20868.868868868867,20644.644644644646,20792.0,20196.196196196197,20952.0,19784.43113772455,19276.723276723278,21285.285285285285,20348.348348348347,20416.0,21269.461077844313,20636.63663663664,20064.0,20428.42842842843,21359.920239282153,21448.345035105314,21213.57285429142,20780.78078078078,20756.756756756757,21482.517482517484,20828.828828828828,21480.0,20932.932932932934,0.0,0.0,0.0,0.0,0.0,0.0,0.0,3928.0,24567.432567432566,24656.0,25144.0,22960.0,16408.0,16360.36036036036,16359.64035964036,16384.384384384386,16368.0,16344.0,16352.0,16344.0,16720.0,16376.0,16376.0,16552.0,18680.0,20091.90809190809,19835.835835835835,20064.0,18448.0,20504.0,19960.079840319362,19759.519038076152,20427.572427572428,19851.85185185185,20443.556443556445,19755.755755755756,20592.0,19200.0,20056.0,20336.0,20184.0,20520.0,19992.0,20440.0,20776.0,21488.0,20795.204795204794,21389.38938938939,21096.0,21160.0,20928.0,21368.0,20824.0,21160.0,21392.0,20904.0,21176.0,21128.0,21024.0,21464.0,20635.364635364636,21112.0,21053.053053053052,21392.0,20808.0,21072.0,21592.0,21168.0,21128.0,20804.804804804804,21162.837162837164,21160.0,21104.0,21456.0,21098.9010989011,21221.22122122122,20779.22077922078,21197.197197197198,21136.0,21120.0,21144.0,21232.0,20435.564435564436,21117.117117117115,20216.0,20712.0,21208.0,21632.0,21256.0,21200.0,20136.0,20680.0,20776.0
audio_send_packetsSentPerSecond,-1,0.0,0.0,0.0,0.0,0.0,0.0,0.0,0.0,0.0,0.0,0.0,18.01801801801802,48.902195608782435,51.051051051051054,50.0,50.0,49.95004995004995,49.0,51.0,47.952047952047955,52.104208416833664,49.95004995004995,50.050050050050054,50.0,50.0,50.0,49.0,50.0,51.0,49.0,51.0,49.95004995004995,50.050050050050054,49.95004995004995,49.0,51.051051051051054,50.0,49.95004995004995,49.049049049049046,51.051051051051054,48.95104895104895,51.0,49.85044865403788,50.150451354062184,49.0,50.050050050050054,49.9001996007984,50.150451354062184,49.9001996007984,50.0,50.0,50.100200400801604,49.95004995004995,50.0,50.0,50.0,49.95004995004995,50.050050050050054,49.95004995004995,50.0,50.050050050050054,50.0,50.0,50.0,50.0,50.0,50.0,50.0,50.0,50.0,50.0,49.9001996007984,50.050050050050054,50.050050050050054,50.0,50.050050050050054,50.0,49.9001996007984,49.95004995004995,50.050050050050054,50.050050050050054,50.0,49.9001996007984,50.050050050050054,50.0,50.050050050050054,49.85044865403788,50.150451354062184,49.9001996007984,50.050050050050054,50.050050050050054,49.95004995004995,50.050050050050054,50.0,50.050050050050054,0.0,0.0,0.0,0.0,0.0,0.0,0.0,9.0,49.95004995004995,50.0,51.0,50.0,50.0,50.050050050050054,49.95004995004995,49.049049049049046,50.0,50.0,50.0,50.0,50.0,50.0,50.0,51.0,50.0,49.95004995004995,50.050050050050054,50.0,49.0,51.0,49.9001996007984,49.098196392785574,50.94905094905095,49.049049049049046,50.94905094905095,49.049049049049046,50.0,50.0,50.0,51.0,50.0,50.0,49.0,50.0,50.0,51.0,48.95104895104895,51.051051051051054,50.0,50.0,49.0,51.0,49.0,50.0,51.0,49.0,50.0,50.0,50.0,51.0,48.95104895104895,50.0,50.050050050050054,51.0,49.0,50.0,51.0,50.0,50.0,49.049049049049046,49.95004995004995,50.0,50.0,51.0,49.95004995004995,50.050050050050054,48.95104895104895,50.050050050050054,50.0,50.0,50.0,51.0,48.95104895104895,51.051051051051054,50.0,49.0,50.0,51.0,49.0,51.0,49.0,50.0,50.0
video_send_bitsSentPerSecond,-1,0.0,0.0,0.0,0.0,0.0,0.0,0.0,0.0,0.0,0.0,0.0,254086.08608608608,307073.8522954092,292876.87687687686,312464.0,320128.0,413626.37362637365,325832.0,325296.0,196387.61238761237,85939.87975951904,258661.33866133867,201841.84184184184,204856.0,245216.0,251032.0,548456.0,166408.0,318528.0,342200.0,165504.0,232327.67232767234,177897.8978978979,152407.5924075924,239752.0,196252.25225225225,163840.0,149290.7092907093,213165.16516516518,218570.57057057056,189762.23776223775,161024.0,188187.43768693917,250150.45135406218,188968.0,281601.6016016016,162698.60279441118,168272.8184553661,208726.54690618764,224280.0,218352.0,306484.9699398798,252411.58841158843,197720.0,227688.0,267984.0,210389.6103896104,244772.77277277276,272935.06493506493,314384.0,213125.12512512514,234680.0,199688.0,177392.0,180712.0,212720.0,242672.0,212032.0,156656.0,193608.0,159560.0,195425.1497005988,235307.30730730732,184616.6166166166,222800.0,201513.51351351352,208032.0,216263.4730538922,158721.2787212787,202994.99499499498,184760.76076076075,203280.0,173069.8602794411,165741.74174174175,163584.0,177793.7937937938,140370.88733798603,169404.21263791373,167800.3992015968,185489.4894894895,241977.97797797798,111352.64735264736,166230.23023023023,116728.0,131395.3953953954,0.0,0.0,0.0,0.0,0.0,0.0,0.0,135136.0,352791.2087912088,317848.0,433624.0,244408.0,168496.0,208616.6166166166,180875.12487512486,254758.75875875875,176368.0,192176.0,189888.0,207272.0,234656.0,289720.0,267032.0,183496.0,157112.0,178869.13086913087,171467.46746746748,185328.0,168688.0,219216.0,137604.79041916167,147671.34268537074,230505.4945054945,166998.99899899898,115724.27572427572,145505.5055055055,162040.0,178512.0,217688.0,120624.0,156648.0,112200.0,155696.0,175704.0,143720.0,222216.0,205442.55744255745,164164.16416416416,202424.0,104760.0,169888.0,191256.0,143680.0,234312.0,154520.0,197416.0,143808.0,143088.0,180448.0,172816.0,182497.5024975025,290872.0,272912.9129129129,156832.0,206088.0,284936.0,261448.0,262216.0,317488.0,270358.3583583584,163140.85914085913,224888.0,254088.0,261152.0,229050.94905094904,299291.2912912913,345606.3936063936,201481.4814814815,205152.0,217296.0,221288.0,285352.0,215800.1998001998,281065.06506506505,248952.0,226224.0,324840.0,273320.0,263232.0,336744.0,264288.0,299608.0,251680.0
video_send_packetsLost,-1,0.0,0.0,0.0,0.0,0.0,0.0,0.0,0.0,0.0,0.0,0.0,0.0,0.0,0.0,0.0,0.0,0.0,0.0,0.0,0.0,0.0,0.0,0.0,0.0,0.0,0.0,95.0,95.0,183.0,250.0,203.0,203.0,221.0,228.0,260.0,250.0,426.0,469.0,322.0,301.0,530.0,530.0,580.0,630.0,630.0,398.0,667.0,671.0,671.0,686.0,686.0,714.0,836.0,870.0,870.0,914.0,932.0,947.0,971.0,998.0,1039.0,1125.0,1157.0,1157.0,1186.0,1198.0,1272.0,1354.0,1385.0,1397.0,1417.0,1421.0,1432.0,1432.0,1462.0,1484.0,1530.0,1586.0,1586.0,1620.0,1651.0,1670.0,1670.0,1719.0,1729.0,1730.0,1730.0,1785.0,1807.0,1817.0,1853.0,1877.0,1887.0,1887.0,1899.0,0.0,0.0,0.0,0.0,0.0,0.0,0.0,0.0,0.0,0.0,0.0,0.0,0.0,0.0,0.0,0.0,0.0,0.0,0.0,0.0,0.0,0.0,69.0,112.0,112.0,112.0,143.0,181.0,193.0,207.0,207.0,330.0,349.0,349.0,351.0,409.0,675.0,940.0,1253.0,1253.0,1253.0,1536.0,1539.0,1547.0,1547.0,1556.0,1610.0,1642.0,1690.0,1701.0,1717.0,1726.0,1748.0,1860.0,1899.0,1915.0,1917.0,1917.0,1917.0,1917.0,1946.0,1953.0,1979.0,1979.0,1979.0,1979.0,1979.0,2002.0,2039.0,2145.0,2158.0,2194.0,2219.0,2279.0,2290.0,2351.0,2425.0,2438.0,2511.0,2558.0,2586.0,2619.0,2667.0,2725.0,2767.0,2785.0,2802.0,2873.0,2962.0,2995.0,3011.0,3069.0,3095.0
video_send_packetsSentPerSecond,-1,0.0,0.0,0.0,0.0,0.0,0.0,0.0,0.0,0.0,0.0,0.0,31.03103103103103,39.920159680638726,46.046046046046044,42.0,43.0,59.94005994005994,46.0,52.0,26.973026973026972,11.022044088176353,49.95004995004995,46.046046046046044,52.0,53.0,56.0,114.0,60.0,73.0,91.0,75.0,90.9090909090909,61.06106106106106,78.92107892107892,98.0,45.04504504504504,49.0,40.95904095904096,59.05905905905906,72.07207207207207,75.92407592407592,80.0,95.71286141575274,114.34302908726178,93.0,101.10110110110111,80.83832335329342,77.23169508525577,84.83033932135729,84.0,84.0,128.2565130260521,94.9050949050949,77.0,90.0,106.0,93.9060939060939,87.08708708708708,124.87512487512487,148.0,98.09809809809809,112.0,85.0,95.0,87.0,92.0,109.0,117.0,84.0,98.0,78.0,86.82634730538922,84.08408408408408,87.08708708708708,100.0,89.08908908908909,98.0,93.812375249501,77.92207792207792,96.09609609609609,89.08908908908909,98.0,77.8443113772455,85.08508508508508,81.0,97.09709709709709,77.7666999002991,79.23771313941826,86.82634730538922,89.08908908908909,111.11111111111111,69.93006993006993,98.09809809809809,78.0,78.07807807807808,0.0,0.0,0.0,0.0,0.0,0.0,0.0,16.0,45.95404595404595,52.0,64.0,34.0,28.0,31.03103103103103,23.976023976023978,40.04004004004004,33.0,45.0,48.0,55.0,56.0,71.0,80.0,67.0,66.0,55.94405594405595,73.07307307307308,97.0,92.0,93.0,77.8443113772455,83.16633266533066,96.90309690309691,83.08308308308308,64.93506493506493,79.07907907907908,78.0,78.0,92.0,62.0,98.0,80.0,95.0,100.0,85.0,106.0,98.9010989010989,110.11011011011011,90.0,78.0,98.0,92.0,83.0,118.0,84.0,98.0,74.0,87.0,99.0,82.0,78.92107892107892,127.0,123.12312312312312,78.0,90.0,111.0,91.0,108.0,134.0,129.12912912912913,78.92107892107892,92.0,92.0,102.0,83.91608391608392,113.11311311311312,142.85714285714286,90.09009009009009,109.0,114.0,111.0,136.0,103.8961038961039,125.12512512512512,123.0,89.0,130.0,133.0,123.0,148.0,116.0,133.0,94.0
video_send_googEncodeUsagePercent,-1,0.0,0.0,0.0,0.0,0.0,0.0,0.0,0.0,0.0,0.0,0.0,0.0,64.0,64.0,64.0,64.0,64.0,64.0,64.0,64.0,64.0,64.0,64.0,64.0,51.0,47.0,47.0,64.0,64.0,50.0,45.0,41.0,38.0,34.0,31.0,29.0,27.0,25.0,24.0,22.0,21.0,21.0,64.0,64.0,49.0,44.0,40.0,37.0,34.0,31.0,28.0,26.0,24.0,22.0,20.0,19.0,18.0,17.0,16.0,15.0,14.0,14.0,13.0,13.0,12.0,12.0,11.0,11.0,11.0,11.0,11.0,10.0,10.0,10.0,10.0,10.0,10.0,10.0,10.0,10.0,10.0,10.0,10.0,10.0,10.0,10.0,10.0,10.0,10.0,10.0,11.0,10.0,10.0,11.0,10.0,0.0,0.0,0.0,0.0,0.0,0.0,0.0,0.0,64.0,64.0,64.0,64.0,64.0,64.0,64.0,64.0,64.0,64.0,64.0,48.0,46.0,64.0,64.0,51.0,46.0,44.0,64.0,64.0,51.0,46.0,42.0,38.0,34.0,31.0,29.0,26.0,24.0,22.0,20.0,19.0,17.0,16.0,15.0,14.0,13.0,13.0,12.0,12.0,11.0,11.0,10.0,10.0,10.0,10.0,10.0,9.0,9.0,9.0,9.0,9.0,9.0,9.0,9.0,9.0,9.0,9.0,9.0,9.0,9.0,9.0,9.0,9.0,9.0,9.0,9.0,9.0,9.0,9.0,9.0,9.0,9.0,9.0,9.0,9.0,9.0,9.0,9.0,9.0,9.0,9.0,9.0,9.0,9.0
video_send_googFrameHeightSent,-1,0.0,0.0,0.0,0.0,0.0,0.0,0.0,0.0,0.0,0.0,0.0,720.0,720.0,720.0,720.0,720.0,540.0,540.0,540.0,540.0,540.0,360.0,360.0,360.0,360.0,360.0,270.0,270.0,270.0,270.0,270.0,270.0,270.0,270.0,270.0,270.0,270.0,270.0,270.0,270.0,270.0,180.0,180.0,180.0,180.0,180.0,180.0,180.0,180.0,180.0,180.0,180.0,180.0,180.0,180.0,180.0,180.0,180.0,180.0,180.0,180.0,180.0,180.0,180.0,180.0,180.0,180.0,180.0,180.0,180.0,180.0,180.0,180.0,180.0,180.0,180.0,180.0,180.0,180.0,180.0,180.0,180.0,180.0,180.0,180.0,180.0,180.0,180.0,180.0,180.0,180.0,180.0,180.0,180.0,180.0,0.0,0.0,0.0,0.0,0.0,0.0,0.0,720.0,720.0,720.0,540.0,540.0,540.0,540.0,540.0,360.0,360.0,360.0,360.0,360.0,270.0,270.0,270.0,270.0,270.0,180.0,180.0,180.0,180.0,180.0,180.0,180.0,180.0,180.0,180.0,180.0,180.0,180.0,180.0,180.0,180.0,180.0,180.0,180.0,180.0,180.0,180.0,180.0,180.0,180.0,180.0,180.0,180.0,180.0,180.0,180.0,180.0,180.0,180.0,180.0,180.0,180.0,180.0,180.0,180.0,180.0,180.0,180.0,180.0,180.0,180.0,180.0,180.0,180.0,180.0,180.0,180.0,180.0,180.0,180.0,180.0,180.0,180.0,180.0,180.0,180.0,180.0,180.0,180.0,180.0,180.0,180.0,180.0
video_send_googFrameRateSent,-1,0.0,0.0,0.0,0.0,0.0,0.0,0.0,0.0,0.0,0.0,0.0,11.0,20.0,24.0,20.0,21.0,40.0,37.0,25.0,14.0,3.0,46.0,46.0,52.0,54.0,57.0,60.0,61.0,61.0,61.0,58.0,57.0,44.0,58.0,61.0,23.0,29.0,23.0,23.0,30.0,43.0,60.0,61.0,61.0,61.0,61.0,61.0,61.0,61.0,61.0,61.0,61.0,61.0,61.0,61.0,61.0,61.0,61.0,61.0,61.0,61.0,61.0,61.0,61.0,61.0,61.0,61.0,61.0,61.0,61.0,61.0,61.0,61.0,61.0,61.0,61.0,61.0,61.0,61.0,61.0,60.0,61.0,60.0,61.0,61.0,61.0,60.0,60.0,60.0,61.0,60.0,51.0,61.0,61.0,60.0,0.0,0.0,0.0,0.0,0.0,0.0,0.0,8.0,19.0,25.0,34.0,30.0,17.0,23.0,21.0,31.0,33.0,46.0,49.0,55.0,54.0,60.0,48.0,39.0,44.0,38.0,47.0,60.0,60.0,60.0,60.0,60.0,60.0,58.0,50.0,60.0,60.0,60.0,50.0,41.0,60.0,60.0,60.0,60.0,60.0,60.0,60.0,60.0,60.0,60.0,60.0,60.0,60.0,60.0,60.0,60.0,55.0,56.0,60.0,59.0,60.0,60.0,60.0,60.0,60.0,59.0,60.0,60.0,59.0,59.0,60.0,59.0,59.0,60.0,59.0,59.0,59.0,59.0,59.0,59.0,59.0,59.0,59.0,59.0,59.0,59.0,59.0,59.0,59.0,59.0,59.0,59.0,59.0
video_send_googFrameWidthSent,-1,0.0,0.0,0.0,0.0,0.0,0.0,0.0,0.0,0.0,0.0,0.0,1280.0,1280.0,1280.0,1280.0,1280.0,960.0,960.0,960.0,960.0,960.0,640.0,640.0,640.0,640.0,640.0,480.0,480.0,480.0,480.0,480.0,480.0,480.0,480.0,480.0,480.0,480.0,480.0,480.0,480.0,480.0,320.0,320.0,320.0,320.0,320.0,320.0,320.0,320.0,320.0,320.0,320.0,320.0,320.0,320.0,320.0,320.0,320.0,320.0,320.0,320.0,320.0,320.0,320.0,320.0,320.0,320.0,320.0,320.0,320.0,320.0,320.0,320.0,320.0,320.0,320.0,320.0,320.0,320.0,320.0,320.0,320.0,320.0,320.0,320.0,320.0,320.0,320.0,320.0,320.0,320.0,320.0,320.0,320.0,320.0,0.0,0.0,0.0,0.0,0.0,0.0,0.0,1280.0,1280.0,1280.0,960.0,960.0,960.0,960.0,960.0,640.0,640.0,640.0,640.0,640.0,480.0,480.0,480.0,480.0,480.0,320.0,320.0,320.0,320.0,320.0,320.0,320.0,320.0,320.0,320.0,320.0,320.0,320.0,320.0,320.0,320.0,320.0,320.0,320.0,320.0,320.0,320.0,320.0,320.0,320.0,320.0,320.0,320.0,320.0,320.0,320.0,320.0,320.0,320.0,320.0,320.0,320.0,320.0,320.0,320.0,320.0,320.0,320.0,320.0,320.0,320.0,320.0,320.0,320.0,320.0,320.0,320.0,320.0,320.0,320.0,320.0,320.0,320.0,320.0,320.0,320.0,320.0,320.0,320.0,320.0,320.0,320.0,320.0
video_send_googRtt,-1,0.0,0.0,0.0,0.0,0.0,0.0,0.0,0.0,0.0,0.0,0.0,0.0,0.0,0.0,0.0,0.0,0.0,0.0,0.0,0.0,0.0,0.0,0.0,8902.0,8780.0,0.0,10515.0,10504.0,0.0,8935.0,7920.0,8161.0,8431.0,8739.0,9213.0,9328.0,9819.0,9268.0,8930.0,9912.0,11083.0,10417.0,0.0,8791.0,8640.0,0.0,17581.0,14565.0,12485.0,11119.0,10199.0,9453.0,9090.0,8544.0,7971.0,7543.0,7102.0,6793.0,6737.0,6859.0,6999.0,7062.0,7063.0,6967.0,0.0,7424.0,7454.0,7361.0,7088.0,6926.0,6762.0,6694.0,6639.0,6707.0,6871.0,7027.0,7373.0,7480.0,7301.0,0.0,6515.0,6503.0,6576.0,0.0,6897.0,6993.0,0.0,0.0,6791.0,6794.0,6833.0,6896.0,6914.0,6918.0,0.0,0.0,0.0,0.0,0.0,0.0,0.0,0.0,0.0,0.0,0.0,0.0,0.0,0.0,0.0,0.0,0.0,0.0,0.0,0.0,8869.0,9016.0,0.0,9588.0,10050.0,9923.0,9717.0,9618.0,9472.0,0.0,8989.0,9015.0,8928.0,0.0,8232.0,8507.0,8733.0,8919.0,8804.0,8763.0,8008.0,7697.0,7622.0,0.0,7764.0,7939.0,10022.0,9586.0,9272.0,8983.0,8660.0,8309.0,8162.0,8117.0,8158.0,8146.0,7751.0,7312.0,6991.0,6806.0,6636.0,6561.0,0.0,6542.0,6516.0,6547.0,6556.0,6601.0,6961.0,7316.0,7533.0,7419.0,7240.0,6978.0,6804.0,6833.0,6830.0,6942.0,7061.0,7061.0,7040.0,6959.0,6956.0,6987.0,6984.0,7005.0,6896.0,6965.0,6925.0,6970.0,6989.0,6792.0,6795.0,6914.0
audio_recv_bitsReceivedPerSecond,-1,-1,-1,-1,-1,-1,-1,0.0,0.0,0.0,0.0,0.0,1289.2892892892894,7760.479041916167,6694.694694694695,9688.0,3520.0,9654.345654345654,10088.0,3144.0,8095.904095904096,13587.174348697396,11076.923076923076,17497.497497497498,16192.0,8840.0,11744.0,10752.0,13472.0,11264.0,6360.0,10824.0,14273.726273726274,18106.106106106105,14761.238761238761,11656.0,16080.08008008008,18560.0,18533.466533466533,17913.913913913915,15823.823823823825,21050.94905094905,15920.0,24773.67896311067,17749.247743229687,12776.0,16424.424424424426,24223.552894211578,12429.287863590773,15473.053892215568,17000.0,19424.0,20945.891783567135,15984.015984015983,21040.0,17504.0,23928.0,22313.686313686314,15567.567567567568,20147.852147852147,16792.0,19971.971971971972,19592.0,14576.0,14792.0,13264.0,21024.0,16336.0,17704.0,13200.0,20080.0,15040.0,16582.834331337326,10610.61061061061,11099.0990990991,13592.0,11315.315315315316,18792.0,18610.778443113773,8847.152847152847,16960.96096096096,16952.952952952954,8192.0,9125.748502994013,15223.223223223224,13696.0,15823.823823823825,13080.757726819542,11899.699097291876,13588.822355289421,15215.215215215216,13213.213213213214,15568.431568431568,17857.857857857856,16272.0,18258.258258258258,0.0,0.0,0.0,0.0,0.0,0.0,0.0,0.0,0.0,848.0,5336.0,10152.0,8184.0,7495.495495495496,6929.070929070929,10346.346346346347,10648.0,9952.0,0.0,25024.0,9912.0,23800.0,31536.0,9712.0,11424.0,10093.906093906095,10986.986986986987,18328.0,10384.0,14304.0,6179.640718562874,15551.102204408817,20211.78821178821,17033.033033033033,25550.44955044955,14654.654654654654,28584.0,23224.0,15824.0,14320.0,14680.0,12864.0,11656.0,17064.0,14800.0,11656.0,13194.805194805194,20068.068068068067,16160.0,14680.0,15488.0,8592.0,12888.0,14024.0,17688.0,13984.0,18160.0,17888.0,18928.0,14240.0,18141.85814185814,19080.0,17097.097097097096,19536.0,17864.0,13256.0,9408.0,16928.0,15856.0,20356.356356356355,21194.805194805194,19688.0,14880.0,18016.0,15752.247752247753,19003.003003003003,17782.217782217784,15783.783783783783,19720.0,13592.0,16096.0,12552.0,18733.266733266733,19147.14714714715,18424.0,17424.0,23080.0,19816.0,22560.0,14112.0,12432.0,14304.0,23584.0
audio_recv_packetsReceivedPerSecond,-1,-1,-1,-1,-1,-1,-1,0.0,0.0,0.0,0.0,0.0,3.003003003003003,16.96606786427146,13.013013013013014,19.0,8.0,18.98101898101898,20.0,7.0,15.984015984015985,31.062124248496993,34.96503496503497,56.05605605605606,49.0,31.0,42.0,39.0,37.0,29.0,27.0,26.0,45.95404595404595,50.050050050050054,34.96503496503497,31.0,42.04204204204204,47.0,43.956043956043956,49.049049049049046,41.04104104104104,49.95004995004995,41.0,58.8235294117647,48.144433299899696,37.0,36.03603603603604,61.87624750499002,32.0962888665998,41.91616766467066,44.0,43.0,50.100200400801604,38.96103896103896,50.0,45.0,57.0,50.94905094905095,37.03703703703704,46.95304695304695,42.0,48.048048048048045,45.0,37.0,31.0,33.0,50.0,43.0,42.0,31.0,47.0,39.0,37.924151696606785,29.02902902902903,25.025025025025027,35.0,26.026026026026027,43.0,41.91616766467066,26.973026973026972,41.04104104104104,41.04104104104104,25.0,23.952095808383234,32.032032032032035,31.0,35.03503503503504,34.89531405782652,29.08726178535607,35.92814371257485,34.034034034034036,35.03503503503504,33.96603396603397,40.04004004004004,35.0,42.04204204204204,0.0,0.0,0.0,0.0,0.0,0.0,0.0,0.0,0.0,2.0,12.0,20.0,16.0,17.017017017017018,11.988011988011989,20.02002002002002,22.0,21.0,0.0,69.0,22.0,47.0,52.0,28.0,29.0,28.97102897102897,22.02202202202202,32.0,36.0,43.0,19.960079840319363,30.060120240480963,29.97002997002997,37.03703703703704,58.94105894105894,33.033033033033036,68.0,54.0,38.0,36.0,32.0,31.0,28.0,45.0,35.0,30.0,39.96003996003996,50.050050050050054,44.0,37.0,38.0,24.0,32.0,36.0,43.0,35.0,41.0,44.0,43.0,34.0,41.95804195804196,46.0,41.04104104104104,47.0,42.0,36.0,23.0,40.0,37.0,51.051051051051054,49.95004995004995,44.0,39.0,44.0,37.96203796203796,41.04104104104104,40.95904095904096,41.04104104104104,44.0,36.0,36.0,32.0,41.95804195804196,45.04504504504504,44.0,43.0,53.0,47.0,52.0,36.0,27.0,36.0,57.0
audio_recv_googCurrentDelayMs,-1,-1,-1,-1,-1,-1,-1,0.0,0.0,0.0,0.0,0.0,13.0,37.0,27.0,65.0,45.0,46.0,71.0,75.0,39.0,75.0,123.0,185.0,271.0,233.0,203.0,209.0,175.0,127.0,154.0,77.0,56.0,46.0,59.0,73.0,66.0,89.0,101.0,82.0,61.0,76.0,96.0,271.0,471.0,472.0,430.0,560.0,697.0,613.0,565.0,581.0,683.0,657.0,452.0,282.0,356.0,300.0,139.0,78.0,66.0,87.0,95.0,90.0,98.0,95.0,140.0,173.0,220.0,88.0,108.0,65.0,97.0,92.0,74.0,83.0,80.0,158.0,270.0,248.0,183.0,144.0,80.0,54.0,68.0,70.0,77.0,86.0,65.0,126.0,111.0,81.0,99.0,156.0,117.0,198.0,0.0,0.0,0.0,0.0,0.0,0.0,0.0,0.0,0.0,12.0,12.0,44.0,47.0,55.0,56.0,43.0,38.0,76.0,63.0,405.0,370.0,401.0,441.0,376.0,264.0,205.0,186.0,168.0,165.0,308.0,178.0,126.0,86.0,141.0,294.0,145.0,356.0,307.0,191.0,97.0,93.0,72.0,109.0,181.0,119.0,158.0,129.0,197.0,241.0,291.0,234.0,122.0,104.0,123.0,159.0,202.0,223.0,278.0,295.0,291.0,102.0,86.0,81.0,99.0,74.0,72.0,50.0,86.0,123.0,294.0,343.0,311.0,197.0,176.0,193.0,139.0,193.0,231.0,210.0,174.0,122.0,117.0,152.0,222.0,287.0,254.0,288.0,307.0,285.0,197.0,121.0,88.0,226.0
audio_recv_googJitterBufferMs,-1,-1,-1,-1,-1,-1,-1,0.0,0.0,0.0,0.0,0.0,3.0,45.0,22.0,24.0,1.0,2.0,13.0,23.0,4.0,2.0,37.0,287.0,402.0,155.0,175.0,97.0,169.0,7.0,42.0,2.0,21.0,1.0,1.0,96.0,37.0,43.0,67.0,3.0,34.0,47.0,81.0,465.0,535.0,402.0,390.0,862.0,590.0,520.0,528.0,605.0,770.0,622.0,478.0,260.0,353.0,323.0,10.0,48.0,102.0,132.0,74.0,80.0,27.0,2.0,85.0,226.0,152.0,1.0,80.0,1.0,32.0,192.0,4.0,60.0,37.0,213.0,290.0,65.0,137.0,103.0,2.0,24.0,61.0,12.0,22.0,41.0,22.0,100.0,93.0,2.0,18.0,66.0,61.0,155.0,0.0,0.0,0.0,0.0,0.0,0.0,0.0,0.0,0.0,2.0,0.0,11.0,4.0,32.0,3.0,1.0,1.0,14.0,2.0,602.0,224.0,322.0,442.0,210.0,95.0,2.0,2.0,103.0,322.0,312.0,2.0,32.0,82.0,35.0,318.0,92.0,427.0,436.0,160.0,5.0,31.0,101.0,95.0,72.0,88.0,45.0,152.0,207.0,245.0,114.0,119.0,21.0,11.0,57.0,162.0,142.0,194.0,271.0,272.0,146.0,32.0,105.0,12.0,152.0,2.0,22.0,6.0,81.0,185.0,420.0,390.0,236.0,127.0,182.0,122.0,122.0,101.0,139.0,185.0,22.0,71.0,11.0,150.0,250.0,335.0,157.0,332.0,240.0,295.0,82.0,8.0,34.0,292.0
audio_recv_googJitterReceived,-1,-1,-1,-1,-1,-1,-1,0.0,0.0,0.0,0.0,0.0,0.0,0.0,0.0,0.0,0.0,0.0,0.0,0.0,59.0,59.0,59.0,59.0,25.0,25.0,25.0,25.0,27.0,27.0,27.0,411.0,411.0,411.0,411.0,411.0,326.0,326.0,326.0,326.0,326.0,326.0,386.0,386.0,386.0,386.0,386.0,272.0,272.0,272.0,272.0,272.0,13.0,13.0,13.0,13.0,13.0,9.0,9.0,9.0,9.0,9.0,10.0,10.0,10.0,10.0,10.0,10.0,31.0,31.0,31.0,31.0,16.0,16.0,16.0,16.0,16.0,16.0,16.0,16.0,16.0,16.0,16.0,16.0,16.0,16.0,16.0,16.0,16.0,16.0,16.0,20.0,20.0,20.0,20.0,25.0,0.0,0.0,0.0,0.0,0.0,0.0,0.0,0.0,0.0,0.0,8.0,8.0,8.0,8.0,8.0,42.0,42.0,42.0,42.0,39.0,39.0,39.0,39.0,36.0,36.0,36.0,36.0,38.0,38.0,38.0,38.0,38.0,49.0,49.0,49.0,23.0,23.0,23.0,23.0,10.0,10.0,10.0,25.0,25.0,25.0,25.0,31.0,31.0,31.0,31.0,31.0,16.0,16.0,16.0,16.0,16.0,16.0,11.0,11.0,11.0,11.0,11.0,11.0,11.0,11.0,11.0,11.0,11.0,11.0,11.0,11.0,13.0,13.0,13.0,10.0,10.0,10.0,10.0,10.0,10.0,18.0,18.0,12.0,12.0,12.0,12.0,12.0,12.0,9.0,9.0,9.0,9.0,9.0
audio_recv_googPreferredJitterBufferMs,-1,-1,-1,-1,-1,-1,-1,0.0,0.0,0.0,0.0,0.0,80.0,80.0,80.0,80.0,80.0,740.0,740.0,740.0,740.0,740.0,740.0,740.0,740.0,740.0,740.0,580.0,460.0,380.0,380.0,740.0,740.0,740.0,740.0,740.0,740.0,740.0,740.0,740.0,740.0,500.0,320.0,740.0,740.0,740.0,740.0,740.0,740.0,740.0,740.0,740.0,740.0,80.0,80.0,80.0,80.0,80.0,80.0,80.0,80.0,80.0,80.0,740.0,340.0,400.0,400.0,400.0,80.0,80.0,80.0,80.0,80.0,400.0,400.0,400.0,400.0,400.0,400.0,400.0,400.0,400.0,400.0,400.0,400.0,400.0,400.0,400.0,400.0,400.0,400.0,400.0,300.0,300.0,300.0,300.0,0.0,0.0,0.0,0.0,0.0,0.0,0.0,0.0,0.0,0.0,120.0,100.0,100.0,100.0,100.0,720.0,720.0,720.0,720.0,720.0,720.0,600.0,540.0,540.0,440.0,500.0,500.0,640.0,640.0,640.0,640.0,640.0,640.0,640.0,640.0,100.0,100.0,100.0,100.0,100.0,340.0,340.0,360.0,360.0,360.0,360.0,360.0,360.0,360.0,360.0,360.0,360.0,360.0,360.0,360.0,360.0,360.0,360.0,360.0,80.0,80.0,80.0,80.0,80.0,80.0,360.0,360.0,360.0,280.0,280.0,280.0,280.0,260.0,260.0,260.0,260.0,260.0,260.0,260.0,260.0,260.0,260.0,260.0,260.0,260.0,260.0,260.0,260.0,260.0,260.0,240.0,240.0,240.0
video_recv_bitsReceivedPerSecond,-1,-1,-1,-1,-1,-1,-1,0.0,0.0,0.0,0.0,0.0,44204.2042042042,212143.7125748503,77029.02902902903,119392.0,45496.0,139308.6913086913,98744.0,37328.0,126857.14285714286,107230.46092184368,130797.2027972028,158574.57457457457,133088.0,117488.0,141912.0,130904.0,122272.0,85232.0,15664.0,64512.0,84779.22077922078,81729.72972972973,65854.14585414586,63680.0,95431.43143143143,119544.0,114733.26673326673,133317.31731731733,112152.15215215215,113118.88111888112,128400.0,147198.40478564307,126451.35406218655,92056.0,104648.64864864865,95105.78842315369,54074.22266800401,71137.7245508982,100960.0,111784.0,126108.21643286574,97454.54545454546,106984.0,108056.0,122576.0,145654.34565434564,143167.16716716718,127664.33566433567,97000.0,136144.14414414414,89888.0,90648.0,91000.0,86568.0,138760.0,141304.0,100800.0,110984.0,145992.0,141152.0,159201.5968063872,118406.4064064064,99683.68368368369,141136.0,72760.76076076076,136072.0,132199.6007984032,113006.99300699301,141469.46946946948,144416.4164164164,151752.0,65572.85429141717,97713.71371371372,108016.0,73209.2092092092,78907.27816550349,92918.75626880642,95880.23952095809,77885.88588588589,116916.91691691692,120575.42457542458,128344.34434434434,92672.0,141445.44544544545,0.0,0.0,0.0,0.0,0.0,0.0,0.0,0.0,0.0,17688.0,184928.0,131560.0,112144.0,104536.53653653654,60923.07692307692,144872.87287287286,121072.0,70016.0,0.0,288272.0,153200.0,86424.0,163904.0,96992.0,108464.0,113710.28971028971,85149.14914914915,169608.0,101128.0,177256.0,136774.45109780438,94621.24248496995,59020.97902097902,127703.70370370371,112159.84015984015,84092.09209209209,103384.0,127888.0,86992.0,96048.0,91536.0,90864.0,89416.0,129008.0,62664.0,64368.0,167368.63136863138,148804.8048048048,162664.0,116216.0,132864.0,97712.0,106040.0,134192.0,166528.0,105312.0,115104.0,146392.0,157104.0,77024.0,117962.03796203797,135896.0,117621.62162162163,147968.0,137984.0,102552.0,79368.0,122168.0,88584.0,148420.4204204204,137270.72927072927,148640.0,129792.0,164392.0,116043.95604395604,144912.9129129129,141354.64535464536,132484.48448448448,157720.0,122464.0,98480.0,102864.0,124259.74025974025,148700.7007007007,134944.0,120184.0,147552.0,161096.0,146672.0,110040.0,83888.0,112528.0,121016.0
video_recv_packetsReceivedPerSecond,-1,-1,-1,-1,-1,-1,-1,0.0,0.0,0.0,0.0,0.0,5.005005005005005,24.9500998003992,9.00900900900901,17.0,7.0,21.978021978021978,16.0,7.0,18.98101898101898,14.02805611222445,20.97902097902098,23.023023023023022,23.0,25.0,35.0,35.0,33.0,27.0,8.0,33.0,44.955044955044954,46.046046046046044,37.96203796203796,29.0,57.05705705705706,69.0,72.92707292707293,77.07707707707708,66.06606606606607,73.92607392607393,59.0,88.73379860418744,65.19558676028085,46.0,53.053053053053056,64.87025948103792,42.126379137412236,57.884231536926144,61.0,66.0,74.14829659318637,56.943056943056945,71.0,62.0,89.0,80.91908091908093,63.06306306306306,72.92707292707293,55.0,69.06906906906907,60.0,58.0,39.0,53.0,73.0,67.0,47.0,43.0,75.0,62.0,55.88822355289421,38.03803803803804,41.04104104104104,54.0,28.02802802802803,65.0,61.87624750499002,41.95804195804196,54.054054054054056,60.06006006006006,44.0,25.94810379241517,41.04104104104104,52.0,46.046046046046044,45.86241276171486,37.11133400200602,51.89620758483034,38.03803803803804,56.05605605605606,54.94505494505494,48.048048048048045,39.0,62.06206206206206,0.0,0.0,0.0,0.0,0.0,0.0,0.0,0.0,0.0,2.0,22.0,17.0,15.0,13.013013013013014,8.991008991008991,22.02202202202202,20.0,9.0,0.0,41.0,19.0,13.0,30.0,24.0,24.0,27.972027972027973,17.017017017017018,36.0,42.0,50.0,42.91417165668663,41.08216432865731,26.973026973026972,51.051051051051054,57.94205794205794,42.04204204204204,29.0,32.0,19.0,27.0,29.0,34.0,42.0,71.0,35.0,36.0,75.92407592407592,79.07907907907908,69.0,46.0,51.0,35.0,39.0,46.0,66.0,40.0,52.0,64.0,68.0,36.0,58.94105894105894,66.0,62.06206206206206,67.0,65.0,51.0,36.0,54.0,51.0,79.07907907907908,69.93006993006993,68.0,59.0,62.0,49.95004995004995,64.06406406406407,63.93606393606394,58.05805805805806,70.0,58.0,48.0,49.0,60.93906093906094,69.06906906906907,65.0,68.0,82.0,76.0,77.0,54.0,40.0,56.0,78.0
video_recv_googCurrentDelayMs,-1,-1,-1,-1,-1,-1,-1,0.0,0.0,0.0,0.0,0.0,0.0,23.0,175.0,179.0,138.0,209.0,220.0,294.0,256.0,256.0,256.0,256.0,256.0,256.0,256.0,256.0,256.0,0.0,21.0,21.0,21.0,21.0,21.0,21.0,21.0,21.0,21.0,21.0,21.0,21.0,21.0,21.0,21.0,21.0,21.0,21.0,21.0,21.0,21.0,21.0,21.0,21.0,21.0,21.0,21.0,21.0,21.0,21.0,21.0,21.0,21.0,21.0,21.0,21.0,21.0,21.0,21.0,21.0,21.0,21.0,21.0,21.0,21.0,21.0,21.0,21.0,21.0,21.0,21.0,21.0,21.0,21.0,21.0,21.0,21.0,21.0,21.0,21.0,21.0,21.0,21.0,21.0,21.0,21.0,0.0,0.0,0.0,0.0,0.0,0.0,0.0,0.0,0.0,0.0,21.0,22.0,196.0,230.0,157.0,165.0,235.0,280.0,280.0,280.0,280.0,280.0,15.0,15.0,15.0,15.0,15.0,15.0,13.0,13.0,13.0,13.0,13.0,13.0,13.0,13.0,13.0,13.0,12.0,12.0,12.0,12.0,202.0,202.0,202.0,202.0,202.0,202.0,202.0,202.0,202.0,202.0,202.0,12.0,12.0,12.0,12.0,12.0,12.0,12.0,12.0,12.0,12.0,11.0,11.0,11.0,11.0,54.0,54.0,54.0,54.0,54.0,54.0,11.0,11.0,11.0,11.0,11.0,11.0,11.0,11.0,11.0,11.0,11.0,11.0,100.0,100.0,96.0,93.0,93.0,93.0,93.0,93.0
video_recv_googDecodeMs,-1,-1,-1,-1,-1,-1,-1,0.0,0.0,0.0,0.0,0.0,0.0,3.0,4.0,3.0,6.0,4.0,5.0,4.0,4.0,4.0,4.0,4.0,4.0,4.0,4.0,4.0,4.0,4.0,3.0,3.0,3.0,3.0,3.0,3.0,3.0,3.0,3.0,3.0,3.0,3.0,3.0,3.0,3.0,3.0,3.0,3.0,3.0,3.0,3.0,3.0,3.0,3.0,3.0,3.0,3.0,3.0,3.0,3.0,3.0,3.0,3.0,3.0,3.0,3.0,3.0,3.0,3.0,3.0,3.0,3.0,3.0,3.0,3.0,3.0,3.0,3.0,3.0,3.0,3.0,3.0,3.0,3.0,3.0,3.0,3.0,3.0,3.0,3.0,3.0,3.0,3.0,3.0,3.0,3.0,0.0,0.0,0.0,0.0,0.0,0.0,0.0,0.0,0.0,0.0,4.0,4.0,4.0,4.0,5.0,4.0,4.0,3.0,3.0,3.0,4.0,4.0,2.0,2.0,2.0,2.0,2.0,2.0,2.0,2.0,2.0,2.0,2.0,2.0,2.0,2.0,2.0,2.0,1.0,1.0,1.0,1.0,1.0,1.0,1.0,1.0,1.0,1.0,1.0,1.0,1.0,1.0,1.0,0.0,0.0,0.0,0.0,0.0,0.0,0.0,0.0,0.0,0.0,1.0,1.0,1.0,1.0,0.0,0.0,0.0,0.0,0.0,0.0,1.0,1.0,1.0,1.0,1.0,0.0,0.0,0.0,0.0,0.0,0.0,0.0,0.0,0.0,0.0,0.0,0.0,0.0,0.0,0.0
video_recv_googFrameHeightReceived,-1,-1,-1,-1,-1,-1,-1,0.0,0.0,0.0,0.0,0.0,0.0,720.0,720.0,720.0,720.0,720.0,720.0,720.0,720.0,720.0,720.0,720.0,720.0,720.0,720.0,720.0,720.0,540.0,540.0,540.0,540.0,540.0,540.0,540.0,540.0,540.0,540.0,540.0,540.0,540.0,540.0,540.0,540.0,540.0,540.0,540.0,540.0,540.0,540.0,540.0,540.0,540.0,540.0,540.0,540.0,540.0,540.0,540.0,540.0,540.0,540.0,540.0,540.0,540.0,540.0,540.0,540.0,540.0,540.0,540.0,540.0,540.0,540.0,540.0,540.0,540.0,540.0,540.0,540.0,540.0,540.0,540.0,540.0,540.0,540.0,540.0,540.0,540.0,540.0,540.0,540.0,540.0,540.0,540.0,0.0,0.0,0.0,0.0,0.0,0.0,0.0,0.0,0.0,0.0,720.0,720.0,720.0,720.0,720.0,720.0,720.0,720.0,720.0,720.0,540.0,540.0,540.0,540.0,540.0,540.0,540.0,540.0,270.0,270.0,270.0,270.0,270.0,270.0,270.0,270.0,270.0,270.0,270.0,270.0,270.0,270.0,180.0,180.0,180.0,180.0,180.0,180.0,180.0,180.0,180.0,180.0,180.0,180.0,180.0,180.0,180.0,180.0,180.0,180.0,180.0,180.0,180.0,180.0,180.0,180.0,180.0,180.0,180.0,180.0,180.0,180.0,180.0,180.0,180.0,180.0,180.0,180.0,180.0,180.0,180.0,180.0,180.0,180.0,180.0,180.0,180.0,180.0,180.0,180.0,180.0,180.0,180.0
video_recv_googFrameRateOutput,-1,-1,-1,-1,-1,-1,-1,0.0,0.0,0.0,0.0,0.0,0.0,10.0,5.0,7.0,7.0,10.0,6.0,6.0,10.0,4.0,0.0,0.0,0.0,0.0,0.0,0.0,0.0,1.0,3.0,0.0,0.0,0.0,0.0,0.0,0.0,0.0,0.0,0.0,0.0,0.0,0.0,0.0,0.0,0.0,0.0,0.0,0.0,0.0,0.0,0.0,0.0,0.0,0.0,0.0,0.0,0.0,0.0,0.0,0.0,0.0,0.0,0.0,0.0,0.0,0.0,0.0,0.0,0.0,0.0,0.0,0.0,0.0,0.0,0.0,0.0,0.0,0.0,0.0,0.0,0.0,0.0,0.0,0.0,0.0,0.0,0.0,0.0,0.0,0.0,0.0,0.0,0.0,0.0,0.0,0.0,0.0,0.0,0.0,0.0,0.0,0.0,0.0,0.0,0.0,10.0,9.0,5.0,7.0,7.0,11.0,7.0,7.0,0.0,0.0,1.0,0.0,7.0,0.0,0.0,0.0,0.0,0.0,2.0,0.0,0.0,0.0,0.0,0.0,0.0,0.0,0.0,0.0,5.0,14.0,0.0,0.0,27.0,0.0,0.0,0.0,0.0,0.0,0.0,0.0,0.0,0.0,0.0,1.0,0.0,0.0,0.0,0.0,0.0,0.0,0.0,0.0,0.0,12.0,0.0,0.0,0.0,20.0,0.0,0.0,0.0,0.0,0.0,2.0,0.0,0.0,0.0,0.0,13.0,0.0,0.0,0.0,0.0,0.0,0.0,99.0,0.0,9.0,5.0,0.0,0.0,0.0,0.0
video_recv_googFrameRateReceived,-1,-1,-1,-1,-1,-1,-1,0.0,0.0,0.0,0.0,0.0,0.0,11.0,5.0,8.0,4.0,11.0,8.0,3.0,10.0,8.0,14.0,18.0,19.0,25.0,35.0,35.0,33.0,28.0,17.0,31.0,28.0,32.0,22.0,17.0,33.0,48.0,43.0,52.0,45.0,60.0,42.0,57.0,51.0,38.0,46.0,60.0,50.0,46.0,58.0,70.0,74.0,77.0,76.0,57.0,81.0,68.0,55.0,62.0,70.0,59.0,68.0,45.0,31.0,52.0,68.0,67.0,65.0,55.0,58.0,60.0,44.0,38.0,31.0,45.0,59.0,64.0,56.0,50.0,51.0,56.0,48.0,49.0,45.0,50.0,70.0,76.0,65.0,67.0,68.0,52.0,43.0,54.0,67.0,61.0,0.0,0.0,0.0,0.0,0.0,0.0,0.0,0.0,0.0,0.0,8.0,8.0,8.0,6.0,5.0,11.0,10.0,4.0,0.0,19.0,6.0,5.0,13.0,14.0,15.0,11.0,13.0,17.0,19.0,21.0,33.0,31.0,22.0,39.0,46.0,33.0,38.0,39.0,35.0,21.0,23.0,26.0,33.0,54.0,28.0,27.0,59.0,61.0,52.0,38.0,40.0,28.0,63.0,45.0,51.0,31.0,41.0,50.0,53.0,27.0,58.0,62.0,66.0,49.0,50.0,40.0,27.0,40.0,39.0,62.0,55.0,53.0,46.0,45.0,38.0,51.0,50.0,44.0,53.0,44.0,37.0,36.0,48.0,55.0,52.0,72.0,63.0,57.0,61.0,43.0,30.0,44.0,61.0
video_recv_googFrameWidthReceived,-1,-1,-1,-1,-1,-1,-1,0.0,0.0,0.0,0.0,0.0,0.0,1280.0,1280.0,1280.0,1280.0,1280.0,1280.0,1280.0,1280.0,1280.0,1280.0,1280.0,1280.0,1280.0,1280.0,1280.0,1280.0,960.0,960.0,960.0,960.0,960.0,960.0,960.0,960.0,960.0,960.0,960.0,960.0,960.0,960.0,960.0,960.0,960.0,960.0,960.0,960.0,960.0,960.0,960.0,960.0,960.0,960.0,960.0,960.0,960.0,960.0,960.0,960.0,960.0,960.0,960.0,960.0,960.0,960.0,960.0,960.0,960.0,960.0,960.0,960.0,960.0,960.0,960.0,960.0,960.0,960.0,960.0,960.0,960.0,960.0,960.0,960.0,960.0,960.0,960.0,960.0,960.0,960.0,960.0,960.0,960.0,960.0,960.0,0.0,0.0,0.0,0.0,0.0,0.0,0.0,0.0,0.0,0.0,1280.0,1280.0,1280.0,1280.0,1280.0,1280.0,1280.0,1280.0,1280.0,1280.0,960.0,960.0,960.0,960.0,960.0,960.0,960.0,960.0,480.0,480.0,480.0,480.0,480.0,480.0,480.0,480.0,480.0,480.0,480.0,480.0,480.0,480.0,320.0,320.0,320.0,320.0,320.0,320.0,320.0,320.0,320.0,320.0,320.0,320.0,320.0,320.0,320.0,320.0,320.0,320.0,320.0,320.0,320.0,320.0,320.0,320.0,320.0,320.0,320.0,320.0,320.0,320.0,320.0,320.0,320.0,320.0,320.0,320.0,320.0,320.0,320.0,320.0,320.0,320.0,320.0,320.0,320.0,320.0,320.0,320.0,320.0,320.0,320.0
video_recv_googInterframeDelayMax,-1,-1,-1,-1,-1,-1,-1,-1.0,-1.0,-1.0,-1.0,-1.0,-1.0,137.0,486.0,296.0,136.0,493.0,499.0,377.0,158.0,263.0,-1.0,-1.0,-1.0,-1.0,-1.0,-1.0,-1.0,8333.0,331.0,-1.0,-1.0,-1.0,-1.0,-1.0,-1.0,-1.0,-1.0,-1.0,-1.0,-1.0,-1.0,-1.0,-1.0,-1.0,-1.0,-1.0,-1.0,-1.0,-1.0,-1.0,-1.0,-1.0,-1.0,-1.0,-1.0,-1.0,-1.0,-1.0,-1.0,-1.0,-1.0,-1.0,-1.0,-1.0,-1.0,-1.0,-1.0,-1.0,-1.0,-1.0,-1.0,-1.0,-1.0,-1.0,-1.0,-1.0,-1.0,-1.0,-1.0,-1.0,-1.0,-1.0,-1.0,-1.0,-1.0,-1.0,-1.0,-1.0,-1.0,-1.0,-1.0,-1.0,-1.0,-1.0,-1.0,-1.0,-1.0,-1.0,-1.0,-1.0,-1.0,-1.0,-1.0,-1.0,118.0,182.0,668.0,248.0,148.0,327.0,328.0,164.0,-1.0,-1.0,3005.0,-1.0,2065.0,-1.0,-1.0,-1.0,-1.0,-1.0,5237.0,-1.0,-1.0,-1.0,-1.0,-1.0,-1.0,-1.0,-1.0,-1.0,10403.0,143.0,-1.0,-1.0,2564.0,-1.0,-1.0,-1.0,-1.0,-1.0,-1.0,-1.0,-1.0,-1.0,-1.0,10806.0,-1.0,-1.0,-1.0,-1.0,-1.0,-1.0,-1.0,-1.0,-1.0,9694.0,-1.0,-1.0,-1.0,4123.0,-1.0,-1.0,-1.0,-1.0,-1.0,5488.0,-1.0,-1.0,-1.0,-1.0,4628.0,-1.0,-1.0,-1.0,-1.0,-1.0,-1.0,7148.0,-1.0,2175.0,19.0,-1.0,-1.0,-1.0,-1.0
video_recv_googJitterBufferMs,-1,-1,-1,-1,-1,-1,-1,0.0,0.0,0.0,0.0,0.0,0.0,44.0,161.0,164.0,123.0,194.0,266.0,279.0,280.0,241.0,241.0,241.0,241.0,241.0,241.0,241.0,241.0,0.0,63.0,63.0,63.0,63.0,63.0,63.0,63.0,63.0,63.0,63.0,63.0,63.0,63.0,63.0,63.0,63.0,63.0,63.0,63.0,63.0,63.0,63.0,63.0,63.0,63.0,63.0,63.0,63.0,63.0,63.0,63.0,63.0,63.0,63.0,63.0,63.0,63.0,63.0,63.0,63.0,63.0,63.0,63.0,63.0,63.0,63.0,63.0,63.0,63.0,63.0,63.0,63.0,63.0,63.0,63.0,63.0,63.0,63.0,63.0,63.0,63.0,63.0,63.0,63.0,63.0,63.0,0.0,0.0,0.0,0.0,0.0,0.0,0.0,0.0,0.0,0.0,52.0,65.0,182.0,216.0,143.0,149.0,220.0,269.0,269.0,269.0,0.0,0.0,0.0,0.0,0.0,0.0,0.0,0.0,0.0,0.0,0.0,0.0,0.0,0.0,0.0,0.0,0.0,0.0,0.0,0.0,0.0,0.0,190.0,190.0,190.0,190.0,190.0,190.0,190.0,190.0,190.0,190.0,190.0,0.0,0.0,0.0,0.0,0.0,0.0,0.0,0.0,0.0,0.0,0.0,0.0,0.0,0.0,43.0,43.0,43.0,43.0,43.0,43.0,0.0,0.0,0.0,0.0,0.0,0.0,0.0,0.0,0.0,0.0,0.0,0.0,89.0,89.0,85.0,82.0,82.0,82.0,82.0,82.0
video_recv_googPlisSent,-1,-1,-1,-1,-1,-1,-1,0.0,0.0,0.0,0.0,0.0,0.0,0.0,0.0,0.0,0.0,0.0,0.0,0.0,0.0,0.0,0.0,0.0,1.0,1.0,1.0,2.0,2.0,2.0,2.0,2.0,2.0,3.0,3.0,3.0,4.0,4.0,4.0,5.0,5.0,5.0,5.0,5.0,5.0,6.0,6.0,6.0,7.0,7.0,7.0,8.0,8.0,8.0,9.0,9.0,9.0,10.0,10.0,10.0,11.0,11.0,11.0,12.0,12.0,12.0,13.0,13.0,13.0,14.0,14.0,14.0,15.0,15.0,15.0,16.0,16.0,16.0,17.0,17.0,17.0,18.0,18.0,18.0,19.0,19.0,19.0,20.0,20.0,20.0,21.0,21.0,21.0,22.0,22.0,22.0,0.0,0.0,0.0,0.0,0.0,0.0,0.0,0.0,0.0,1.0,3.0,3.0,3.0,3.0,3.0,3.0,3.0,3.0,3.0,3.0,3.0,3.0,3.0,3.0,3.0,4.0,4.0,4.0,4.0,4.0,4.0,5.0,5.0,5.0,6.0,6.0,6.0,7.0,7.0,7.0,7.0,7.0,7.0,7.0,7.0,8.0,8.0,8.0,9.0,9.0,9.0,10.0,10.0,10.0,10.0,10.0,11.0,11.0,11.0,12.0,12.0,12.0,13.0,13.0,13.0,13.0,14.0,14.0,14.0,14.0,15.0,15.0,15.0,15.0,15.0,15.0,16.0,16.0,16.0,16.0,16.0,17.0,17.0,17.0,18.0,18.0,18.0,18.0,18.0,18.0,18.0,19.0,19.0
audio_send_packetsLost,-1,-1,-1,-1,-1,-1,-1,-1,-1,-1,-1,-1,-1,-1,-1,-1,-1,-1,-1,-1,0.0,0.0,0.0,0.0,0.0,0.0,0.0,64.0,64.0,64.0,64.0,64.0,187.0,187.0,187.0,187.0,187.0,187.0,187.0,229.0,229.0,375.0,375.0,396.0,396.0,396.0,396.0,396.0,396.0,396.0,396.0,454.0,454.0,454.0,454.0,454.0,454.0,454.0,574.0,574.0,574.0,574.0,574.0,574.0,574.0,574.0,674.0,674.0,674.0,674.0,674.0,732.0,732.0,732.0,732.0,732.0,732.0,732.0,799.0,799.0,799.0,799.0,799.0,799.0,799.0,799.0,799.0,799.0,799.0,799.0,892.0,892.0,892.0,892.0,892.0,892.0,-1,-1,-1,-1,-1,-1,-1,-1,-1,-1,0.0,0.0,0.0,0.0,0.0,0.0,0.0,0.0,0.0,0.0,0.0,0.0,0.0,0.0,122.0,122.0,122.0,122.0,122.0,215.0,215.0,215.0,215.0,215.0,215.0,215.0,381.0,381.0,381.0,381.0,381.0,381.0,381.0,381.0,381.0,381.0,387.0,387.0,387.0,387.0,387.0,387.0,447.0,447.0,447.0,447.0,447.0,524.0,524.0,524.0,524.0,530.0,530.0,530.0,530.0,530.0,530.0,530.0,598.0,598.0,598.0,598.0,598.0,598.0,659.0,659.0,659.0,659.0,659.0,659.0,659.0,659.0,659.0,659.0,659.0,851.0,851.0,851.0,851.0,851.0,851.0,956.0,956.0
audio_send_googJitterReceived,-1,-1,-1,-1,-1,-1,-1,-1,-1,-1,-1,-1,-1,-1,-1,-1,-1,-1,-1,-1,8.0,8.0,8.0,8.0,42.0,42.0,42.0,39.0,39.0,39.0,39.0,39.0,36.0,36.0,36.0,36.0,36.0,36.0,36.0,38.0,38.0,49.0,49.0,23.0,23.0,23.0,23.0,23.0,23.0,23.0,23.0,25.0,25.0,25.0,25.0,25.0,25.0,25.0,16.0,16.0,16.0,16.0,16.0,16.0,16.0,16.0,11.0,11.0,11.0,11.0,11.0,11.0,11.0,11.0,11.0,11.0,11.0,11.0,13.0,13.0,13.0,13.0,13.0,13.0,13.0,13.0,13.0,13.0,13.0,13.0,12.0,12.0,12.0,12.0,12.0,12.0,-1,-1,-1,-1,-1,-1,-1,-1,-1,-1,0.0,0.0,0.0,0.0,0.0,0.0,0.0,0.0,0.0,0.0,0.0,59.0,59.0,59.0,25.0,25.0,25.0,25.0,25.0,27.0,27.0,27.0,27.0,27.0,27.0,27.0,326.0,326.0,326.0,326.0,326.0,326.0,326.0,386.0,386.0,386.0,272.0,272.0,272.0,272.0,272.0,272.0,13.0,13.0,13.0,13.0,13.0,9.0,9.0,9.0,9.0,10.0,10.0,10.0,10.0,10.0,10.0,10.0,31.0,31.0,31.0,31.0,31.0,31.0,16.0,16.0,16.0,16.0,16.0,16.0,16.0,16.0,16.0,16.0,16.0,16.0,16.0,16.0,16.0,16.0,16.0,20.0,20.0
audio_send_googRtt,-1,-1,-1,-1,-1,-1,-1,-1,-1,-1,-1,-1,-1,-1,-1,-1,-1,-1,-1,-1,-1,-1,-1,-1,-1,-1,-1,10360.0,10360.0,10360.0,10360.0,10360.0,9120.0,9120.0,9120.0,9120.0,9120.0,9120.0,9120.0,11601.0,11601.0,8667.0,8667.0,8730.0,8730.0,8730.0,8730.0,8730.0,8730.0,8730.0,8730.0,7401.0,7401.0,7401.0,7401.0,7401.0,7401.0,7401.0,6639.0,6639.0,6639.0,6639.0,6639.0,6639.0,6639.0,6639.0,7475.0,7475.0,7475.0,7475.0,7475.0,6456.0,6456.0,6456.0,6456.0,6456.0,6456.0,6456.0,6807.0,6807.0,6807.0,6807.0,6807.0,6807.0,6807.0,6807.0,6807.0,6807.0,6807.0,6807.0,6587.0,6587.0,6587.0,6587.0,6587.0,6587.0,-1,-1,-1,-1,-1,-1,-1,-1,-1,-1,-1,-1,-1,-1,-1,-1,-1,-1,-1,-1,-1,9267.0,9267.0,9267.0,9230.0,9230.0,9230.0,9230.0,9230.0,8640.0,8640.0,8640.0,8640.0,8640.0,8640.0,8640.0,8271.0,8271.0,8271.0,8271.0,8271.0,8271.0,8271.0,7549.0,7549.0,7549.0,8707.0,8707.0,8707.0,8707.0,8707.0,8707.0,8271.0,8271.0,8271.0,8271.0,8271.0,6521.0,6521.0,6521.0,6521.0,6343.0,6343.0,6343.0,6343.0,6343.0,6343.0,6343.0,7267.0,7267.0,7267.0,7267.0,7267.0,7267.0,6600.0,6600.0,6600.0,6600.0,6600.0,6600.0,6600.0,6600.0,6600.0,6600.0,6600.0,6516.0,6516.0,6516.0,6516.0,6516.0,6516.0,7232.0,7232.0
video_send_resolutionChangesSent,0,1,1,1,1,1,1,1,1,1,1,1,2,2,2,2,2,3,3,3,3,3,4,4,4,4,4,5,5,5,5,5,5,5,5,5,5,5,5,5,5,5,6,6,6,6,6,6,6,6,6,6,6,6,6,6,6,6,6,6,6,6,6,6,6,6,6,6,6,6,6,6,6,6,6,6,6,6,6,6,6,6,6,6,6,6,6,6,6,6,6,6,6,6,6,6,0,0,0,0,0,0,0,1,1,1,2,2,2,2,2,3,3,3,3,3,4,4,4,4,4,5,5,5,5,5,5,5,5,5,5,5,5,5,5,5,5,5,5,5,5,5,5,5,5,5,5,5,5,5,5,5,5,5,5,5,5,5,5,5,5,5,5,5,5,5,5,5,5,5,5,5,5,5,5,5,5,5,5,5,5,5,5,5,5,5,5,5,5
video_recv_resolutionChangesReceived,0,0,0,0,0,0,0,1,1,1,1,1,1,2,2,2,2,2,2,2,2,2,2,2,2,2,2,2,2,3,3,3,3,3,3,3,3,3,3,3,3,3,3,3,3,3,3,3,3,3,3,3,3,3,3,3,3,3,3,3,3,3,3,3,3,3,3,3,3,3,3,3,3,3,3,3,3,3,3,3,3,3,3,3,3,3,3,3,3,3,3,3,3,3,3,3,0,0,0,0,0,0,0,0,0,0,1,1,1,1,1,1,1,1,1,1,2,2,2,2,2,2,2,2,3,3,3,3,3,3,3,3,3,3,3,3,3,3,4,4,4,4,4,4,4,4,4,4,4,4,4,4,4,4,4,4,4,4,4,4,4,4,4,4,4,4,4,4,4,4,4,4,4,4,4,4,4,4,4,4,4,4,4,4,4,4,4,4,4
1_way_delay_audio_send,-0.5,-0.5,-0.5,-0.5,-0.5,-0.5,-0.5,-0.5,-0.5,-0.5,-0.5,-0.5,-0.5,-0.5,-0.5,-0.5,-0.5,-0.5,-0.5,-0.5,-0.5,-0.5,-0.5,-0.5,-0.5,-0.5,-0.5,5180.0,5180.0,5180.0,5180.0,5180.0,4560.0,4560.0,4560.0,4560.0,4560.0,4560.0,4560.0,5800.5,5800.5,4333.5,4333.5,4365.0,4365.0,4365.0,4365.0,4365.0,4365.0,4365.0,4365.0,3700.5,3700.5,3700.5,3700.5,3700.5,3700.5,3700.5,3319.5,3319.5,3319.5,3319.5,3319.5,3319.5,3319.5,3319.5,3737.5,3737.5,3737.5,3737.5,3737.5,3228.0,3228.0,3228.0,3228.0,3228.0,3228.0,3228.0,3403.5,3403.5,3403.5,3403.5,3403.5,3403.5,3403.5,3403.5,3403.5,3403.5,3403.5,3403.5,3293.5,3293.5,3293.5,3293.5,3293.5,3293.5,-0.5,-0.5,-0.5,-0.5,-0.5,-0.5,-0.5,-0.5,-0.5,-0.5,-0.5,-0.5,-0.5,-0.5,-0.5,-0.5,-0.5,-0.5,-0.5,-0.5,-0.5,4633.5,4633.5,4633.5,4615.0,4615.0,4615.0,4615.0,4615.0,4320.0,4320.0,4320.0,4320.0,4320.0,4320.0,4320.0,4135.5,4135.5,4135.5,4135.5,4135.5,4135.5,4135.5,3774.5,3774.5,3774.5,4353.5,4353.5,4353.5,4353.5,4353.5,4353.5,4135.5,4135.5,4135.5,4135.5,4135.5,3260.5,3260.5,3260.5,3260.5,3171.5,3171.5,3171.5,3171.5,3171.5,3171.5,3171.5,3633.5,3633.5,3633.5,3633.5,3633.5,3633.5,3300.0,3300.0,3300.0,3300.0,3300.0,3300.0,3300.0,3300.0,3300.0,3300.0,3300.0,3258.0,3258.0,3258.0,3258.0,3258.0,3258.0,3616.0,3616.0
1_way_delay_video_send,-0.5,0.0,0.0,0.0,0.0,0.0,0.0,0.0,0.0,0.0,0.0,0.0,0.0,0.0,0.0,0.0,0.0,0.0,0.0,0.0,0.0,0.0,0.0,0.0,4451.0,4390.0,0.0,5257.5,5252.0,0.0,4467.5,3960.0,4080.5,4215.5,4369.5,4606.5,4664.0,4909.5,4634.0,4465.0,4956.0,5541.5,5208.5,0.0,4395.5,4320.0,0.0,8790.5,7282.5,6242.5,5559.5,5099.5,4726.5,4545.0,4272.0,3985.5,3771.5,3551.0,3396.5,3368.5,3429.5,3499.5,3531.0,3531.5,3483.5,0.0,3712.0,3727.0,3680.5,3544.0,3463.0,3381.0,3347.0,3319.5,3353.5,3435.5,3513.5,3686.5,3740.0,3650.5,0.0,3257.5,3251.5,3288.0,0.0,3448.5,3496.5,0.0,0.0,3395.5,3397.0,3416.5,3448.0,3457.0,3459.0,0.0,0.0,0.0,0.0,0.0,0.0,0.0,0.0,0.0,0.0,0.0,0.0,0.0,0.0,0.0,0.0,0.0,0.0,0.0,0.0,4434.5,4508.0,0.0,4794.0,5025.0,4961.5,4858.5,4809.0,4736.0,0.0,4494.5,4507.5,4464.0,0.0,4116.0,4253.5,4366.5,4459.5,4402.0,4381.5,4004.0,3848.5,3811.0,0.0,3882.0,3969.5,5011.0,4793.0,4636.0,4491.5,4330.0,4154.5,4081.0,4058.5,4079.0,4073.0,3875.5,3656.0,3495.5,3403.0,3318.0,3280.5,0.0,3271.0,3258.0,3273.5,3278.0,3300.5,3480.5,3658.0,3766.5,3709.5,3620.0,3489.0,3402.0,3416.5,3415.0,3471.0,3530.5,3530.5,3520.0,3479.5,3478.0,3493.5,3492.0,3502.5,3448.0,3482.5,3462.5,3485.0,3494.5,3396.0,3397.5,3457.0
ear_ear_delay_audio_send,-0.5,-0.5,-0.5,-0.5,-0.5,-0.5,-0.5,-0.5,-0.5,1.5,-0.5,10.5,3.5,31.5,2.5,0.5,0.5,13.5,1.5,601.5,223.5,321.5,441.5,209.5,94.5,1.5,1.5,5283.0,5502.0,5492.0,5182.0,5212.0,4642.0,4595.0,4878.0,4652.0,4987.0,4996.0,4720.0,5805.5,5831.5,4434.5,4428.5,4437.0,4453.0,4410.0,4517.0,4572.0,4610.0,4479.0,4484.0,3721.5,3711.5,3757.5,3862.5,3842.5,3894.5,3971.5,3591.5,3465.5,3351.5,3424.5,3331.5,3471.5,3321.5,3341.5,3743.5,3818.5,3922.5,4157.5,4127.5,3464.0,3355.0,3410.0,3350.0,3350.0,3329.0,3367.0,3588.5,3425.5,3474.5,3414.5,3553.5,3653.5,3738.5,3560.5,3735.5,3643.5,3698.5,3485.5,3301.5,3327.5,3585.5,-1.5,-1.5,-1.5,-1.5,-1.5,-1.5,-1.5,-0.5,-0.5,-0.5,-0.5,-0.5,2.5,44.5,21.5,23.5,0.5,1.5,12.5,22.5,3.5,4635.5,4670.5,4920.5,5017.0,4770.0,4790.0,4712.0,4784.0,4327.0,4362.0,4322.0,4341.0,4321.0,4321.0,4416.0,4172.5,4178.5,4202.5,4138.5,4169.5,4182.5,4216.5,4239.5,4309.5,4176.5,4743.5,5215.5,4943.5,4873.5,4881.5,4958.5,4905.5,4757.5,4613.5,4395.5,4488.5,3583.5,3270.5,3308.5,3362.5,3303.5,3245.5,3251.5,3198.5,3173.5,3256.5,3397.5,3785.5,3634.5,3713.5,3634.5,3665.5,3825.5,3304.0,3360.0,3337.0,3513.0,3590.0,3365.0,3437.0,3403.0,3302.0,3324.0,3361.0,3270.0,3280.0,3299.0,3280.0,3358.0,3351.0,3618.0,3634.0
audio_recv_kbitsReceivedPerSecond,0,0,0,0,0,0,0,0,0,0,0,0,1,7,6,9,3,9,9,3,7,13,10,17,15,8,11,10,13,11,6,10,13,17,14,11,15,18,18,17,15,20,15,24,17,12,16,23,12,15,16,18,20,15,20,17,23,21,15,19,16,19,19,14,14,12,20,15,17,12,19,14,16,10,10,13,11,18,18,8,16,16,8,8,14,13,15,12,11,13,14,12,15,17,15,17,0,0,0,0,0,0,0,0,0,0,5,9,7,7,6,10,10,9,0,24,9,23,30,9,11,9,10,17,10,13,6,15,19,16,24,14,27,22,15,13,14,12,11,16,14,11,12,19,15,14,15,8,12,13,17,13,17,17,18,13,17,18,16,19,17,12,9,16,15,19,20,19,14,17,15,18,17,15,19,13,15,12,18,18,17,17,22,19,22,13,12,13,23
video_recv_kbitsReceivedPerSecond,0,0,0,0,0,0,0,0,0,0,0,0,43,207,75,116,44,136,96,36,123,104,127,154,129,114,138,127,119,83,15,63,82,79,64,62,93,116,112,130,109,110,125,143,123,89,102,92,52,69,98,109,123,95,104,105,119,142,139,124,94,132,87,88,88,84,135,137,98,108,142,137,155,115,97,137,71,132,129,110,138,141,148,64,95,105,71,77,90,93,76,114,117,125,90,138,0,0,0,0,0,0,0,0,0,17,180,128,109,102,59,141,118,68,0,281,149,84,160,94,105,111,83,165,98,173,133,92,57,124,109,82,100,124,84,93,89,88,87,125,61,62,163,145,158,113,129,95,103,131,162,102,112,142,153,75,115,132,114,144,134,100,77,119,86,144,134,145,126,160,113,141,138,129,154,119,96,100,121,145,131,117,144,157,143,107,81,109,118
e_model_audio_send,73.36958458320164,73.15358458320165,94.116,93.444,94.14,94.188,94.188,93.876,94.164,33.102000000000004,83.13480914526728,70.622,54.542,85.63,91.932,94.164,94.164,0,0,0,0,0,0,0,0,0,0,0,0,0,0,0,0,0,0,0,0,0,0,0,0,0,0,0,0,0,0,0,0,0,0,0,0,0,0,0,0,0,0,0,0,0,0,0,0,0,0,0,0,0,0,0,0,0,0,0,0,0,0,0,0,0,0,94.14,93.132,93.684,93.636,94.188,94.164,93.9,93.66,94.116,0,0,0,0,0,0,0,0,0,0,0,0,0,0,0,0,0,0,0,0,0,0,0,0,0,0,0,0,0,0,0,0,0,0,0,0,0,0,0,0,0,0,0,0,0,0,0,0,0,0,0,0,0,0,0,0,0,0,0,0,0,0,0,0,0,0,0,0,0,0,0
kpi_audio_synchronization,3.75079177165156,3.7412027945451025,4.4263089616497275,4.413958977013312,4.426735802392,4.427586521711296,4.427586521711296,4.421986386242368,4.4271616559393925,1.7416186370795441,4.136777008790848,3.626034706107064,2.814243180763384,4.217814561171,4.383409399513024,4.4271616559393925,4.4271616559393925,1.0,1.0,1.0,1.0,1.0,1.0,1.0,1.0,1.0,1.0,1.0,1.0,1.0,1.0,1.0,1.0,1.0,1.0,1.0,1.0,1.0,1.0,1.0,1.0,1.0,1.0,1.0,1.0,1.0,1.0,1.0,1.0,1.0,1.0,1.0,1.0,1.0,1.0,1.0,1.0,1.0,1.0,1.0,1.0,1.0,1.0,1.0,1.0,1.0,1.0,1.0,1.0,1.0,1.0,1.0,1.0,1.0,1.0,1.0,1.0,1.0,1.0,1.0,1.0,1.0,1.0,4.426735802392,4.407965681708224,4.418457679857473,4.417565730015808,4.427586521711296,4.4271616559393925,4.422423067,4.418012192728001,4.4263089616497275,1.0,1.0,1.0,1.0,1.0,1.0,1.0,1.0,1.0,1.0,1.0,1.0,1.0,1.0,1.0,1.0,1.0,1.0,1.0,1.0,1.0,1.0,1.0,1.0,1.0,1.0,1.0,1.0,1.0,1.0,1.0,1.0,1.0,1.0,1.0,1.0,1.0,1.0,1.0,1.0,1.0,1.0,1.0,1.0,1.0,1.0,1.0,1.0,1.0,1.0,1.0,1.0,1.0,1.0,1.0,1.0,1.0,1.0,1.0,1.0,1.0,1.0,1.0,1.0,1.0,1.0,1.0,1.0,1.0,1.0,1.0
eye_eye_delay_video_send,-0.5,0.0,0.0,0.0,0.0,0.0,0.0,0.0,0.0,0.0,52.0,65.0,182.0,216.0,143.0,149.0,220.0,269.0,269.0,269.0,0.0,0.0,0.0,0.0,4451.0,4390.0,0.0,5257.5,5252.0,0.0,4467.5,3960.0,4080.5,4215.5,4369.5,4606.5,4664.0,4909.5,4634.0,4465.0,4956.0,5541.5,5398.5,190.0,4585.5,4510.0,190.0,8980.5,7472.5,6432.5,5749.5,5289.5,4916.5,4545.0,4272.0,3985.5,3771.5,3551.0,3396.5,3368.5,3429.5,3499.5,3531.0,3531.5,3483.5,0.0,3712.0,3770.0,3723.5,3587.0,3506.0,3424.0,3390.0,3319.5,3353.5,3435.5,3513.5,3686.5,3740.0,3650.5,0.0,3257.5,3251.5,3288.0,0.0,3537.5,3585.5,85.0,82.0,3477.5,3479.0,3498.5,3530.0,-1.0,-1.0,-1.0,-1.0,-1.0,-1.0,-1.0,0.0,0.0,0.0,0.0,0.0,0.0,44.0,161.0,164.0,123.0,194.0,266.0,4713.5,4788.0,241.0,5035.0,5266.0,5202.5,5099.5,5050.0,4977.0,241.0,4494.5,4570.5,4527.0,63.0,4179.0,4316.5,4429.5,4522.5,4465.0,4444.5,4067.0,3911.5,3874.0,63.0,3945.0,4032.5,5074.0,4856.0,4699.0,4554.5,4393.0,4217.5,4144.0,4121.5,4142.0,4136.0,3938.5,3719.0,3558.5,3466.0,3381.0,3343.5,63.0,3334.0,3321.0,3336.5,3341.0,3363.5,3543.5,3721.0,3829.5,3772.5,3683.0,3552.0,3465.0,3479.5,3478.0,3534.0,3593.5,3593.5,3583.0,3542.5,3541.0,3556.5,3555.0,3565.5,3511.0,3545.5,3525.5,3548.0,3557.5,3459.0,3460.5,3520.0
kpi_video_synchronization,5,5,5,5,5,5,5,5,5,5,5,5,3.9066666666666667,3.4533333333333336,4.426666666666667,4.346666666666667,3.4000000000000004,2.746666666666667,2.746666666666667,2.746666666666667,5,5,5,5,1,1,5,1,1,5,1,1,1,1,1,1,1,1,1,1,1,1,1,3.8,1,1,3.8,1,1,1,1,1,1,1,1,1,1,1,1,1,1,1,1,1,1,5,1,1,1,1,1,1,1,1,1,1,1,1,1,1,5,1,1,1,5,1,1,5,5,1,1,1,1,5,5,5,5,5,5,5,5,5,5,5,5,5,5,4.1866666666666665,4.1466666666666665,4.693333333333333,3.746666666666667,2.786666666666667,1,1,3.12,1,1,1,1,1,1,3.12,1,1,1,5,1,1,1,1,1,1,1,1,1,5,1,1,1,1,1,1,1,1,1,1,1,1,1,1,1,1,1,1,5,1,1,1,1,1,1,1,1,1,1,1,1,1,1,1,1,1,1,1,1,1,1,1,1,1,1,1,1,1,1,1
av_delay_send,0.0,-0.5,-0.5,-0.5,-0.5,-0.5,-0.5,-0.5,-0.5,1.5,-52.5,-54.5,-178.5,-184.5,-140.5,-148.5,-219.5,-255.5,-267.5,332.5,223.5,321.5,441.5,209.5,-4356.5,-4388.5,1.5,25.5,250.0,5492.0,714.5,1252.0,561.5,379.5,508.5,45.5,323.0,86.5,86.0,1340.5,875.5,-1107.0,-970.0,4247.0,-132.5,-100.0,4327.0,-4408.5,-2862.5,-1953.5,-1265.5,-1568.0,-1205.0,-787.5,-409.5,-143.0,123.0,420.5,195.0,97.0,-78.0,-75.0,-199.5,-60.0,-162.0,3341.5,31.5,48.5,199.0,570.5,621.5,40.0,-35.0,90.5,-3.5,-85.5,-184.5,-319.5,-151.5,-225.0,3474.5,157.0,302.0,365.5,3738.5,23.0,150.0,3558.5,3616.5,8.0,-177.5,-171.0,55.5,-0.5,-0.5,-0.5,-0.5,-0.5,-0.5,-0.5,-0.5,-0.5,-0.5,-0.5,-0.5,2.5,0.5,-139.5,-140.5,-122.5,-192.5,-253.5,-4691.0,-4784.5,4394.5,-364.5,-345.5,-185.5,-329.5,-260.0,-265.0,4543.0,-167.5,-208.5,-205.0,4278.0,142.0,4.5,-13.5,-350.0,-286.5,-242.0,71.5,258.0,308.5,4153.5,294.5,277.0,-897.5,-112.5,516.5,389.0,480.5,664.0,814.5,784.0,615.5,477.5,457.0,769.5,25.0,-195.5,-72.5,19.0,3240.5,-88.5,-69.5,-138.0,-167.5,-107.0,-146.0,64.5,-195.0,-59.0,-48.5,113.5,360.5,-175.5,-118.0,-197.0,-80.5,-3.5,-218.0,-105.5,-138.0,-254.5,-231.0,-204.5,-241.0,-265.5,-226.5,-268.0,-199.5,-108.0,157.5,114.0
kpi_av_synchronization,5,5,5,5,5,5,5,5,5,5,5,5,1.4333333333333331,1.0333333333333332,3.966666666666667,3.4333333333333336,1,1,1,1,1,1,1,1,1,1,5,5,1,1,1,1,1,1,1,4.96,1,1.6800000000000002,1.7200000000000002,1,1,1,1,1,4.5,5,1,1,1,1,1,1,1,1,1,3.8,1,1,1,1,5,5,1,5,2.533333333333333,1,5,4.72,1,1,1,5,5,1,5,5,1.0333333333333332,1,3.2333333333333334,1,1,1,1,1,1,5,1,1,1,5,1.5,1.9333333333333331,4.16,5,5,5,5,5,5,5,5,5,5,5,5,5,5,4.033333333333333,3.966666666666667,5,1,1,1,1,1,1,1,1,1,1,1,1,2.1666666666666665,1,1,1,1,5,5,1,1,1,2.88,1,1,1,1,1,1,5,1,1,1,1,1,1,1,1,1,1,5,1,5,5,1,5,5,4.133333333333333,2.1666666666666665,5,3.6,3.44,1,5,5,1,1,1.6333333333333333,5,1,5,5,1,5,4.133333333333333,1,1,1,1,1,1,1,1,5,1,1
kpi_resolution_stability,2.5067170332406463,2.5067170332406463,2.5067170332406463,2.5067170332406463,2.5067170332406463,2.5067170332406463,2.5067170332406463,2.5067170332406463,2.5067170332406463,2.5067170332406463,2.5067170332406463,2.5067170332406463,2.5067170332406463,2.5067170332406463,2.5067170332406463,2.5067170332406463,2.5067170332406463,2.5067170332406463,2.5067170332406463,2.5067170332406463,2.5067170332406463,2.5067170332406463,2.5067170332406463,2.5067170332406463,2.5067170332406463,2.5067170332406463,2.5067170332406463,2.5067170332406463,2.5067170332406463,2.5067170332406463,2.5067170332406463,2.5067170332406463,2.5067170332406463,2.5067170332406463,2.5067170332406463,2.5067170332406463,2.5067170332406463,2.5067170332406463,2.5067170332406463,2.5067170332406463,2.5067170332406463,2.5067170332406463,2.5067170332406463,2.5067170332406463,2.5067170332406463,2.5067170332406463,2.5067170332406463,2.5067170332406463,2.5067170332406463,2.5067170332406463,2.5067170332406463,2.5067170332406463,2.5067170332406463,2.5067170332406463,2.5067170332406463,2.5067170332406463,2.5067170332406463,2.5067170332406463,2.5067170332406463,2.5067170332406463,2.5067170332406463,2.5067170332406463,2.5067170332406463,2.5067170332406463,2.5067170332406463,2.5067170332406463,2.5067170332406463,2.5067170332406463,2.5067170332406463,2.5067170332406463,2.5067170332406463,2.5067170332406463,2.5067170332406463,2.5067170332406463,2.5067170332406463,2.5067170332406463,2.5067170332406463,2.5067170332406463,2.5067170332406463,2.5067170332406463,2.5067170332406463,2.5067170332406463,2.5067170332406463,2.5067170332406463,2.5067170332406463,2.5067170332406463,2.5067170332406463,2.5067170332406463,2.5067170332406463,2.5067170332406463,2.5067170332406463,2.5067170332406463,2.5067170332406463,2.5067170332406463,2.5067170332406463,2.5067170332406463,2.5039702233076944,2.5039702233076944,2.5039702233076944,2.5039702233076944,2.5039702233076944,2.5039702233076944,2.5039702233076944,2.5039702233076944,2.5039702233076944,2.5039702233076944,2.5039702233076944,2.5039702233076944,2.5039702233076944,2.5039702233076944,2.5039702233076944,2.5039702233076944,2.5039702233076944,2.5039702233076944,2.5039702233076944,2.5039702233076944,2.5039702233076944,2.5039702233076944,2.5039702233076944,2.5039702233076944,2.5039702233076944,2.5039702233076944,2.5039702233076944,2.5039702233076944,2.5039702233076944,2.5039702233076944,2.5039702233076944,2.5039702233076944,2.5039702233076944,2.5039702233076944,2.5039702233076944,2.5039702233076944,2.5039702233076944,2.5039702233076944,2.5039702233076944,2.5039702233076944,2.5039702233076944,2.5039702233076944,2.5039702233076944,2.5039702233076944,2.5039702233076944,2.5039702233076944,2.5039702233076944,2.5039702233076944,2.5039702233076944,2.5039702233076944,2.5039702233076944,2.5039702233076944,2.5039702233076944,2.5039702233076944,2.5039702233076944,2.5039702233076944,2.5039702233076944,2.5039702233076944,2.5039702233076944,2.5039702233076944,2.5039702233076944,2.5039702233076944,2.5039702233076944,2.5039702233076944,2.5039702233076944,2.5039702233076944,2.5039702233076944,2.5039702233076944,2.5039702233076944,2.5039702233076944,2.5039702233076944,2.5039702233076944,2.5039702233076944,2.5039702233076944,2.5039702233076944,2.5039702233076944,2.5039702233076944,2.5039702233076944,2.5039702233076944,2.5039702233076944,2.5039702233076944,2.5039702233076944,2.5039702233076944,2.5039702233076944,2.5039702233076944,2.5039702233076944,2.5039702233076944,2.5039702233076944,2.5039702233076944,2.5039702233076944,2.5039702233076944,2.5039702233076944,2.5039702233076944
max_resolution_percentage,16.666666666666664,16.666666666666664,16.666666666666664,16.666666666666664,16.666666666666664,16.666666666666664,16.666666666666664,16.666666666666664,16.666666666666664,16.666666666666664,16.666666666666664,16.666666666666664,16.666666666666664,16.666666666666664,16.666666666666664,16.666666666666664,16.666666666666664,16.666666666666664,16.666666666666664,16.666666666666664,16.666666666666664,16.666666666666664,16.666666666666664,16.666666666666664,16.666666666666664,16.666666666666664,16.666666666666664,16.666666666666664,16.666666666666664,16.666666666666664,16.666666666666664,16.666666666666664,16.666666666666664,16.666666666666664,16.666666666666664,16.666666666666664,16.666666666666664,16.666666666666664,16.666666666666664,16.666666666666664,16.666666666666664,16.666666666666664,16.666666666666664,16.666666666666664,16.666666666666664,16.666666666666664,16.666666666666664,16.666666666666664,16.666666666666664,16.666666666666664,16.666666666666664,16.666666666666664,16.666666666666664,16.666666666666664,16.666666666666664,16.666666666666664,16.666666666666664,16.666666666666664,16.666666666666664,16.666666666666664,16.666666666666664,16.666666666666664,16.666666666666664,16.666666666666664,16.666666666666664,16.666666666666664,16.666666666666664,16.666666666666664,16.666666666666664,16.666666666666664,16.666666666666664,16.666666666666664,16.666666666666664,16.666666666666664,16.666666666666664,16.666666666666664,16.666666666666664,16.666666666666664,16.666666666666664,16.666666666666664,16.666666666666664,16.666666666666664,16.666666666666664,16.666666666666664,16.666666666666664,16.666666666666664,16.666666666666664,16.666666666666664,16.666666666666664,16.666666666666664,16.666666666666664,16.666666666666664,16.666666666666664,16.666666666666664,16.666666666666664,16.666666666666664,10.75268817204301,10.75268817204301,10.75268817204301,10.75268817204301,10.75268817204301,10.75268817204301,10.75268817204301,10.75268817204301,10.75268817204301,10.75268817204301,10.75268817204301,10.75268817204301,10.75268817204301,10.75268817204301,10.75268817204301,10.75268817204301,10.75268817204301,10.75268817204301,10.75268817204301,10.75268817204301,10.75268817204301,10.75268817204301,10.75268817204301,10.75268817204301,10.75268817204301,10.75268817204301,10.75268817204301,10.75268817204301,10.75268817204301,10.75268817204301,10.75268817204301,10.75268817204301,10.75268817204301,10.75268817204301,10.75268817204301,10.75268817204301,10.75268817204301,10.75268817204301,10.75268817204301,10.75268817204301,10.75268817204301,10.75268817204301,10.75268817204301,10.75268817204301,10.75268817204301,10.75268817204301,10.75268817204301,10.75268817204301,10.75268817204301,10.75268817204301,10.75268817204301,10.75268817204301,10.75268817204301,10.75268817204301,10.75268817204301,10.75268817204301,10.75268817204301,10.75268817204301,10.75268817204301,10.75268817204301,10.75268817204301,10.75268817204301,10.75268817204301,10.75268817204301,10.75268817204301,10.75268817204301,10.75268817204301,10.75268817204301,10.75268817204301,10.75268817204301,10.75268817204301,10.75268817204301,10.75268817204301,10.75268817204301,10.75268817204301,10.75268817204301,10.75268817204301,10.75268817204301,10.75268817204301,10.75268817204301,10.75268817204301,10.75268817204301,10.75268817204301,10.75268817204301,10.75268817204301,10.75268817204301,10.75268817204301,10.75268817204301,10.75268817204301,10.75268817204301,10.75268817204301,10.75268817204301,10.75268817204301
kpi_resolution_stability_norm,3.2569573792525164,3.2569573792525164,3.2569573792525164,3.2569573792525164,3.2569573792525164,3.2569573792525164,3.2569573792525164,3.2569573792525164,3.2569573792525164,3.2569573792525164,3.2569573792525164,3.2569573792525164,3.2569573792525164,3.2569573792525164,3.2569573792525164,3.2569573792525164,3.2569573792525164,3.2569573792525164,3.2569573792525164,3.2569573792525164,3.2569573792525164,3.2569573792525164,3.2569573792525164,3.2569573792525164,3.2569573792525164,3.2569573792525164,3.2569573792525164,3.2569573792525164,3.2569573792525164,3.2569573792525164,3.2569573792525164,3.2569573792525164,3.2569573792525164,3.2569573792525164,3.2569573792525164,3.2569573792525164,3.2569573792525164,3.2569573792525164,3.2569573792525164,3.2569573792525164,3.2569573792525164,3.2569573792525164,3.2569573792525164,3.2569573792525164,3.2569573792525164,3.2569573792525164,3.2569573792525164,3.2569573792525164,3.2569573792525164,3.2569573792525164,3.2569573792525164,3.2569573792525164,3.2569573792525164,3.2569573792525164,3.2569573792525164,3.2569573792525164,3.2569573792525164,3.2569573792525164,3.2569573792525164,3.2569573792525164,3.2569573792525164,3.2569573792525164,3.2569573792525164,3.2569573792525164,3.2569573792525164,3.2569573792525164,3.2569573792525164,3.2569573792525164,3.2569573792525164,3.2569573792525164,3.2569573792525164,3.2569573792525164,3.2569573792525164,3.2569573792525164,3.2569573792525164,3.2569573792525164,3.2569573792525164,3.2569573792525164,3.2569573792525164,3.2569573792525164,3.2569573792525164,3.2569573792525164,3.2569573792525164,3.2569573792525164,3.2569573792525164,3.2569573792525164,3.2569573792525164,3.2569573792525164,3.2569573792525164,3.2569573792525164,3.2569573792525164,3.2569573792525164,3.2569573792525164,3.2569573792525164,3.2569573792525164,3.2569573792525164,2.508353472452371,2.508353472452371,2.508353472452371,2.508353472452371,2.508353472452371,2.508353472452371,2.508353472452371,2.508353472452371,2.508353472452371,2.508353472452371,2.508353472452371,2.508353472452371,2.508353472452371,2.508353472452371,2.508353472452371,2.508353472452371,2.508353472452371,2.508353472452371,2.508353472452371,2.508353472452371,2.508353472452371,2.508353472452371,2.508353472452371,2.508353472452371,2.508353472452371,2.508353472452371,2.508353472452371,2.508353472452371,2.508353472452371,2.508353472452371,2.508353472452371,2.508353472452371,2.508353472452371,2.508353472452371,2.508353472452371,2.508353472452371,2.508353472452371,2.508353472452371,2.508353472452371,2.508353472452371,2.508353472452371,2.508353472452371,2.508353472452371,2.508353472452371,2.508353472452371,2.508353472452371,2.508353472452371,2.508353472452371,2.508353472452371,2.508353472452371,2.508353472452371,2.508353472452371,2.508353472452371,2.508353472452371,2.508353472452371,2.508353472452371,2.508353472452371,2.508353472452371,2.508353472452371,2.508353472452371,2.508353472452371,2.508353472452371,2.508353472452371,2.508353472452371,2.508353472452371,2.508353472452371,2.508353472452371,2.508353472452371,2.508353472452371,2.508353472452371,2.508353472452371,2.508353472452371,2.508353472452371,2.508353472452371,2.508353472452371,2.508353472452371,2.508353472452371,2.508353472452371,2.508353472452371,2.508353472452371,2.508353472452371,2.508353472452371,2.508353472452371,2.508353472452371,2.508353472452371,2.508353472452371,2.508353472452371,2.508353472452371,2.508353472452371,2.508353472452371,2.508353472452371,2.508353472452371,2.508353472452371
max_resolution_percentage_norm,86.45833333333334,86.45833333333334,86.45833333333334,86.45833333333334,86.45833333333334,86.45833333333334,86.45833333333334,86.45833333333334,86.45833333333334,86.45833333333334,86.45833333333334,86.45833333333334,86.45833333333334,86.45833333333334,86.45833333333334,86.45833333333334,86.45833333333334,86.45833333333334,86.45833333333334,86.45833333333334,86.45833333333334,86.45833333333334,86.45833333333334,86.45833333333334,86.45833333333334,86.45833333333334,86.45833333333334,86.45833333333334,86.45833333333334,86.45833333333334,86.45833333333334,86.45833333333334,86.45833333333334,86.45833333333334,86.45833333333334,86.45833333333334,86.45833333333334,86.45833333333334,86.45833333333334,86.45833333333334,86.45833333333334,86.45833333333334,86.45833333333334,86.45833333333334,86.45833333333334,86.45833333333334,86.45833333333334,86.45833333333334,86.45833333333334,86.45833333333334,86.45833333333334,86.45833333333334,86.45833333333334,86.45833333333334,86.45833333333334,86.45833333333334,86.45833333333334,86.45833333333334,86.45833333333334,86.45833333333334,86.45833333333334,86.45833333333334,86.45833333333334,86.45833333333334,86.45833333333334,86.45833333333334,86.45833333333334,86.45833333333334,86.45833333333334,86.45833333333334,86.45833333333334,86.45833333333334,86.45833333333334,86.45833333333334,86.45833333333334,86.45833333333334,86.45833333333334,86.45833333333334,86.45833333333334,86.45833333333334,86.45833333333334,86.45833333333334,86.45833333333334,86.45833333333334,86.45833333333334,86.45833333333334,86.45833333333334,86.45833333333334,86.45833333333334,86.45833333333334,86.45833333333334,86.45833333333334,86.45833333333334,86.45833333333334,86.45833333333334,86.45833333333334,19.35483870967742,19.35483870967742,19.35483870967742,19.35483870967742,19.35483870967742,19.35483870967742,19.35483870967742,19.35483870967742,19.35483870967742,19.35483870967742,19.35483870967742,19.35483870967742,19.35483870967742,19.35483870967742,19.35483870967742,19.35483870967742,19.35483870967742,19.35483870967742,19.35483870967742,19.35483870967742,19.35483870967742,19.35483870967742,19.35483870967742,19.35483870967742,19.35483870967742,19.35483870967742,19.35483870967742,19.35483870967742,19.35483870967742,19.35483870967742,19.35483870967742,19.35483870967742,19.35483870967742,19.35483870967742,19.35483870967742,19.35483870967742,19.35483870967742,19.35483870967742,19.35483870967742,19.35483870967742,19.35483870967742,19.35483870967742,19.35483870967742,19.35483870967742,19.35483870967742,19.35483870967742,19.35483870967742,19.35483870967742,19.35483870967742,19.35483870967742,19.35483870967742,19.35483870967742,19.35483870967742,19.35483870967742,19.35483870967742,19.35483870967742,19.35483870967742,19.35483870967742,19.35483870967742,19.35483870967742,19.35483870967742,19.35483870967742,19.35483870967742,19.35483870967742,19.35483870967742,19.35483870967742,19.35483870967742,19.35483870967742,19.35483870967742,19.35483870967742,19.35483870967742,19.35483870967742,19.35483870967742,19.35483870967742,19.35483870967742,19.35483870967742,19.35483870967742,19.35483870967742,19.35483870967742,19.35483870967742,19.35483870967742,19.35483870967742,19.35483870967742,19.35483870967742,19.35483870967742,19.35483870967742,19.35483870967742,19.35483870967742,19.35483870967742,19.35483870967742,19.35483870967742,19.35483870967742,19.35483870967742
kpi_fps_stability,1,1,1,1,1,1,1,1,1,1,1,1,1,3.7978212420642405,3.052660297075077,3.4143814103323455,3.4143814103323455,3.7978212420642405,3.2486632634908497,3.2486632634908497,3.7978212420642405,2.812772053670249,1,1,1,1,1,1,1,1,2.5035023185016865,1,1,1,1,1,1,1,1,1,1,1,1,1,1,1,1,1,1,1,1,1,1,1,1,1,1,1,1,1,1,1,1,1,1,1,1,1,1,1,1,1,1,1,1,1,1,1,1,1,1,1,1,1,1,1,1,1,1,1,1,1,1,1,1,1,1,1,1,1,1,1,1,1,1,1,3.7978212420642405,3.6845544733114513,3.052660297075077,3.4143814103323455,3.4143814103323455,3.900283497761082,3.4143814103323455,3.4143814103323455,1,1,1,1,3.4143814103323455,1,1,1,1,1,2.0676111086810853,1,1,1,1,1,1,1,1,1,3.052660297075077,4.159542355321509,1,1,4.865606628121216,1,1,1,1,1,1,1,1,1,1,1,1,1,1,1,1,1,1,1,1,3.9938242084800133,1,1,1,4.542982187053405,1,1,1,1,1,2.0676111086810853,1,1,1,1,4.079873320937373,1,1,1,1,1,1,5,1,3.6845544733114513,3.052660297075077,1,1,1,1
kpi_q_audio,1,1,1,1,1,1,1,1,1,1,1,1,1,1,1,1,1,1,2,1,1,2,2,3,2,1,2,2,2,2,1,2,2,3,2,2,2,3,3,3,2,3,2,4,3,2,3,3,2,2,3,3,3,2,3,3,3,3,2,3,3,3,3,2,2,2,3,2,3,2,3,2,3,2,2,2,2,3,3,1,3,3,1,1,2,2,2,2,2,2,2,2,2,3,2,3,1,1,1,1,1,1,1,1,1,1,1,2,1,1,1,2,2,2,1,4,2,3,4,1,2,2,2,3,2,2,1,2,3,3,4,2,4,3,2,2,2,2,2,3,2,2,2,3,2,2,2,1,2,2,3,2,3,3,3,2,3,3,3,3,3,2,1,3,2,3,3,3,2,3,2,3,3,2,3,2,2,2,3,3,3,3,3,3,3,2,2,2,3
kpi_q_video,1.6285714285714286,1.4,1.5714285714285714,1.457142857142857,1.5142857142857142,1.4,1.4,1.5714285714285714,1.457142857142857,1.5142857142857142,1.4,1.457142857142857,1.4,1.457142857142857,1.4,1.457142857142857,1.5714285714285714,1.457142857142857,1.4,1.4,1.5142857142857142,1.457142857142857,1.4,1.457142857142857,1.5142857142857142,1.457142857142857
qoe_simple_normal,2.874399216138793,2.8342184090786913,2.8639556152222583,2.8448088906366773,2.8554461214599853,2.836351295104377,2.835824785222222,2.8639061166523176,2.8457803608182233,2.4746031746031742,2.9218590958995954,2.912505110631274,2.7976656050680684,2.867476266801423,2.660174679499835,2.738830318409916,2.8524498117749673,2.283772563097719,1.7651851851851852,1.5666666666666667,1.5857142857142856,1.8117460317460319,1.969063568388724,1.5761904761904761,1.5857142857142856,1.5761904761904761
qoe_simple_smooth,2.7291611209006983,2.6508850757453577,2.709193710460354,2.670999366827153,2.6911604071742707,2.6530179617710434,2.652491451888889,2.709144211890413,2.6719708370087,2.31031746031746,2.7385257625662622,2.7386955868217497,2.6143322717347353,2.693666742991899,2.476841346166502,2.565020794600392,2.6976879070130626,2.109963039288195,1.5818518518518516,1.3833333333333335,1.4214285714285715,1.637936507936508,1.785730235055391,1.4023809523809525,1.4214285714285715,1.4023809523809525
